Date,Name,Year,Letterboxd URI,Rating,Rewatch,Tags,Watched Date,movie_title,movie_id,language,poster,popularity,vote_average
5/3/21,Godzilla vs. Kong,2021,https://boxd.it/1PXghH,3,,,5/3/21,Godzilla vs. Kong,399566,en,https://image.tmdb.org/t/p/original'/pgqgaUx1cJb5oZQQ5v0tNARCeBp.jpg,123.613,7.618
5/3/21,Godzilla vs. Kong,2021,https://boxd.it/1PXghH,3,,,5/3/21,Godzilla vs. Kong,399566,en,https://image.tmdb.org/t/p/original'/pgqgaUx1cJb5oZQQ5v0tNARCeBp.jpg,123.613,7.618
5/19/21,The Woman in the Window,2021,https://boxd.it/1S4UiR,2.5,,,5/19/21,The Woman in the Window,520663,en,https://image.tmdb.org/t/p/original'/wcrjc1uwQaqoqtqi67Su4VCOYo0.jpg,20.96,6.02
5/24/21,About Time,2013,https://boxd.it/1SLTdH,4.5,,,5/24/21,About Time,122906,en,https://image.tmdb.org/t/p/original'/iR1bVfURbN7r1C46WHFbwCkVve.jpg,54.267,7.918
5/24/21,About Time,2013,https://boxd.it/1SLTdH,4.5,,,5/24/21,About Time,122906,en,https://image.tmdb.org/t/p/original'/iR1bVfURbN7r1C46WHFbwCkVve.jpg,54.267,7.918
5/26/21,Pretty Woman,1990,https://boxd.it/1T0ZVb,2.5,,,5/26/21,Pretty Woman,114,en,https://image.tmdb.org/t/p/original'/dZXpE4BlesBJwLl53jUJ9mT1Jxr.jpg,56.968,7.5
6/2/21,The Handmaiden,2016,https://boxd.it/1TZaH5,4,,,6/2/21,The Handmaiden,290098,ko,https://image.tmdb.org/t/p/original'/dLlH4aNHdnmf62umnInL8xPlPzw.jpg,60.195,8.225
7/3/21,Your Name.,2016,https://boxd.it/1XXzzd,5,Yes,,7/3/21,Your Name.,372058,ja,https://image.tmdb.org/t/p/original'/q719jXXEzOoYaps6babgKnONONX.jpg,98.286,8.495
7/3/21,Horimiya,2021,https://boxd.it/1XXzEx,3,,,7/3/21,Horimiya,816363,ja,https://image.tmdb.org/t/p/original'/mOcLC8yEbiMXs82w3dKtkl72Zr8.jpg,7.387,9
7/3/21,5 Centimeters per Second,2007,https://boxd.it/1XXzIz,3.5,,,7/3/21,5 Centimeters per Second,38142,ja,https://image.tmdb.org/t/p/original'/dFipUR6W0y3PPkuVS8gjFd929m2.jpg,37.434,7.3
7/3/21,Hello World,2019,https://boxd.it/1XXzMh,3.5,,,7/3/21,Hello World,604605,ja,https://image.tmdb.org/t/p/original'/vmizP4G4EWsxNf6PLOvGNaFJ89Y.jpg,19.758,7.3
7/5/21,Flavors of Youth,2018,https://boxd.it/1YgnNv,3.5,,,7/5/21,Flavors of Youth,513347,zh,https://image.tmdb.org/t/p/original'/ueHeH5ergeHx27L4SCI9qlmwczA.jpg,27.226,6.9
8/19/21,"Definitely, Maybe",2008,https://boxd.it/24VrjF,,,,7/19/21,"Definitely, Maybe",8390,en,https://image.tmdb.org/t/p/original'/oUdcZfd8r6HZRVIQeaTU0XtQFeQ.jpg,26.127,6.93
7/28/21,Luca,2021,https://boxd.it/21HjYP,4,,,7/28/21,Luca,508943,en,https://image.tmdb.org/t/p/original'/jTswp6KyDYKtvC52GbHagrZbGvD.jpg,89.711,7.8
7/28/21,Call Me by Your Name,2017,https://boxd.it/21J52L,4.5,,,7/28/21,Call Me by Your Name,398818,en,https://image.tmdb.org/t/p/original'/mZ4gBdfkhP9tvLH1DO4m4HYtiyi.jpg,64.968,8.144
7/28/21,Call Me by Your Name,2017,https://boxd.it/21J52L,4.5,,,7/28/21,Call Me by Your Name,398818,en,https://image.tmdb.org/t/p/original'/mZ4gBdfkhP9tvLH1DO4m4HYtiyi.jpg,64.968,8.144
8/4/21,Brokeback Mountain,2005,https://boxd.it/22IHqt,4.5,,,8/4/21,Brokeback Mountain,142,en,https://image.tmdb.org/t/p/original'/5UZ283LuT8ClE4Iqw3u4gGZizab.jpg,50.859,7.8
8/5/21,Django Unchained,2012,https://boxd.it/22RLwX,4,,,8/5/21,Django Unchained,68718,en,https://image.tmdb.org/t/p/original'/7oWY8VDWW7thTzWh3OKYRkWUlD5.jpg,201.727,8.179
8/5/21,Django Unchained,2012,https://boxd.it/22RLwX,4,,,8/5/21,Django Unchained,68718,en,https://image.tmdb.org/t/p/original'/7oWY8VDWW7thTzWh3OKYRkWUlD5.jpg,201.727,8.179
8/6/21,War of the Worlds,2005,https://boxd.it/22Zjpv,2.5,Yes,,8/6/21,War of the Worlds,74,en,https://image.tmdb.org/t/p/original'/6Biy7R9LfumYshur3YKhpj56MpB.jpg,150.2,6.508
8/6/21,Planet of the Apes,2001,https://boxd.it/2307Kt,1.5,,,8/6/21,Planet of the Apes,869,en,https://image.tmdb.org/t/p/original'/2IZcJHsTugOdyg0Y8ejj4CM2X3a.jpg,211.816,5.746
8/7/21,The Suicide Squad,2021,https://boxd.it/23amPD,3.5,,,8/7/21,The Suicide Squad,436969,en,https://image.tmdb.org/t/p/original'/kb4s0ML0iVZlG6wAKbbs9NAm6X.jpg,237.262,7.523
8/8/21,Why Him?,2016,https://boxd.it/23biL5,,,,8/7/21,Why Him?,356305,en,https://image.tmdb.org/t/p/original'/eezFoKz7bXgdbjeieeCYJFXPKSu.jpg,25.314,6.371
8/9/21,The 40 Year Old Virgin,2005,https://boxd.it/23wgDv,4,Yes,,8/9/21,The 40 Year Old Virgin,6957,en,https://image.tmdb.org/t/p/original'/mVeoqL37gzhMXQVpONi9DGOQ3tZ.jpg,41.913,6.398
8/12/21,Tower Heist,2011,https://boxd.it/23NQYN,,Yes,,8/11/21,Tower Heist,59108,en,https://image.tmdb.org/t/p/original'/1HcOyMODYZXnncMikfhYkw3x2ss.jpg,34.242,6.095
8/12/21,Tower Heist,2011,https://boxd.it/23NQYN,,Yes,,8/11/21,Tower Heist,59108,en,https://image.tmdb.org/t/p/original'/1HcOyMODYZXnncMikfhYkw3x2ss.jpg,34.242,6.095
8/12/21,This Is 40,2012,https://boxd.it/23NRX7,,Yes,,8/11/21,This Is 40,89492,en,https://image.tmdb.org/t/p/original'/mzUuOIFoVkRTHACRb58vm6mkbBN.jpg,34.269,5.873
8/12/21,Ant-Man,2015,https://boxd.it/23TsE7,3,Yes,,8/12/21,Ant-Man,102899,en,https://image.tmdb.org/t/p/original'/rQRnQfUl3kfp78nCWq8Ks04vnq1.jpg,76.381,7.078
8/12/21,Snatch,2000,https://boxd.it/23Vgn3,4,Yes,,8/12/21,Snatch,107,en,https://image.tmdb.org/t/p/original'/56mOJth6DJ6JhgoE2jtpilVqJO.jpg,83.611,7.811
8/13/21,The Dark Knight,2008,https://boxd.it/241C5x,5,Yes,,8/13/21,The Dark Knight,155,en,https://image.tmdb.org/t/p/original'/qJ2tW6WMUDux911r6m7haRef0WH.jpg,112.942,8.515
8/13/21,Birds of Prey (and the Fantabulous Emancipation of One Harley Quinn),2020,https://boxd.it/242wMR,3.5,,,8/13/21,Birds of Prey (and the Fantabulous Emancipation of One Harley Quinn),495764,en,https://image.tmdb.org/t/p/original'/h4VB6m0RwcicVEZvzftYZyKXs6K.jpg,62.967,6.928
8/13/21,Birds of Prey (and the Fantabulous Emancipation of One Harley Quinn),2020,https://boxd.it/242wMR,3.5,,,8/13/21,Birds of Prey (and the Fantabulous Emancipation of One Harley Quinn),495764,en,https://image.tmdb.org/t/p/original'/h4VB6m0RwcicVEZvzftYZyKXs6K.jpg,62.967,6.928
8/19/21,The Big Short,2015,https://boxd.it/24Oanr,3.5,Yes,,8/18/21,The Big Short,318846,en,https://image.tmdb.org/t/p/original'/isuQWbJPbjybBEWdcCaBUPmU0XO.jpg,35.168,7.354
8/19/21,The Girl Next Door,2004,https://boxd.it/24UxEn,2.5,,,8/19/21,The Girl Next Door,10591,en,https://image.tmdb.org/t/p/original'/5mVyFHSY2rSsNgD4NfEwV82HigU.jpg,49.792,6.722
8/19/21,Serendipity,2001,https://boxd.it/24VrCn,3,Yes,,8/19/21,Serendipity,9778,en,https://image.tmdb.org/t/p/original'/srCE5lEIjVEG5eqWg9JcjZCK1aQ.jpg,26.301,6.931
8/19/21,That Thing Called Tadhana,2014,https://boxd.it/24VOPT,3.5,,,8/19/21,That Thing Called Tadhana,302104,tl,https://image.tmdb.org/t/p/original/fjzwktG6MWbuUQ80XXkdIXPC03G.jpg,6.451,6.2
8/20/21,Arrival,2016,https://boxd.it/252p6D,5,Yes,,8/20/21,Arrival,329865,en,https://image.tmdb.org/t/p/original'/pEzNVQfdzYDzVK0XqxERIw2x2se.jpg,374.666,7.602
8/21/21,There's Something About Mary,1998,https://boxd.it/25aU87,,,,8/21/21,There's Something About Mary,544,en,https://image.tmdb.org/t/p/original'/g03pwohXHOI75InM3zraiaEGguO.jpg,38.655,6.599
8/22/21,Catch Me If You Can,2002,https://boxd.it/25kdUH,4,Yes,,8/22/21,Catch Me If You Can,640,en,https://image.tmdb.org/t/p/original'/ctjEj2xM32OvBXCq8zAdK3ZrsAj.jpg,65.658,7.976
8/26/21,Cast Away,2000,https://boxd.it/25VDD7,4,Yes,,8/22/21,Cast Away,8358,en,https://image.tmdb.org/t/p/original'/7lLJgKnAicAcR5UEuo8xhSMj18w.jpg,50.402,7.666
9/14/21,Maurice,1987,https://boxd.it/28D7qr,3.5,,,9/14/21,Maurice,26371,en,https://image.tmdb.org/t/p/original'/4MI2y8XViPrDiKs1p0QC4bTeZzf.jpg,20.748,7.6
9/15/21,About Time,2013,https://boxd.it/28KEJ1,4.5,Yes,,9/15/21,About Time,122906,en,https://image.tmdb.org/t/p/original'/iR1bVfURbN7r1C46WHFbwCkVve.jpg,54.267,7.918
9/15/21,About Time,2013,https://boxd.it/28KEJ1,4.5,Yes,,9/15/21,About Time,122906,en,https://image.tmdb.org/t/p/original'/iR1bVfURbN7r1C46WHFbwCkVve.jpg,54.267,7.918
9/15/21,How to Lose a Guy in 10 Days,2003,https://boxd.it/28KH7J,2.5,,,9/15/21,How to Lose a Guy in 10 Days,9919,en,https://image.tmdb.org/t/p/original'/2dlftyPz7mTYbrsPvTogyFmYd7d.jpg,37.121,6.786
9/17/21,In Time,2011,https://boxd.it/28XBp9,2.5,Yes,,9/17/21,In Time,49530,en,https://image.tmdb.org/t/p/original'/3Mwj2sIONQckOZP3YwsUXF7U5I4.jpg,65.726,6.969
9/23/21,Upside Down,2012,https://boxd.it/29KRiV,2.5,Yes,,9/23/21,Upside Down,58244,en,https://image.tmdb.org/t/p/original'/2Td1nknvCcpc03EtgKULNH2PEjI.jpg,24.145,6.275
9/25/21,Free Guy,2021,https://boxd.it/29Zd6l,3.5,,,9/25/21,Free Guy,550988,en,https://image.tmdb.org/t/p/original'/xmbU4JTUm8rsdtn7Y3Fcm30GpeT.jpg,247.828,7.509
10/5/21,Jumper,2008,https://boxd.it/2btmo3,1.5,Yes,,10/5/21,Jumper,8247,en,https://image.tmdb.org/t/p/original'/3pPZ9JhNz3VMmASVir5SMHvTDUU.jpg,45.117,6.146
10/23/21,The Other Woman,2014,https://boxd.it/2ebi6Z,2,,,10/23/21,The Other Woman,193610,en,https://image.tmdb.org/t/p/original'/yHnbb6z8REuFIyBLT2Nj3MX54dY.jpg,26.094,6.421
10/29/21,The Lorax,2012,https://boxd.it/2f3crF,,Yes,,10/28/21,The Lorax,73723,en,https://image.tmdb.org/t/p/original'/tePFnZFw5JvjwjQjaKkqDPNMLPU.jpg,95.663,6.495
10/29/21,Jurassic World,2015,https://boxd.it/2f3cwZ,,Yes,,10/28/21,Jurassic World,135397,en,https://image.tmdb.org/t/p/original'/A0LZHXUzo5C60Oahvt7VxvwuzHw.jpg,92.888,6.688
10/29/21,Blade Runner 2049,2017,https://boxd.it/2facRx,3.5,,,10/29/21,Blade Runner 2049,335984,en,https://image.tmdb.org/t/p/original'/gajva2L0rPYkEWjzgFlBXCAVBE5.jpg,112.801,7.56
10/30/21,Fight Club,1999,https://boxd.it/2faN85,5,Yes,,10/29/21,Fight Club,550,en,https://image.tmdb.org/t/p/original'/pB8BM7pdSp6B6Ih7QZ4DrQ3PmJK.jpg,248.782,8.441
10/30/21,Meet Joe Black,1998,https://boxd.it/2fc4sN,3,,,10/29/21,Meet Joe Black,297,en,https://image.tmdb.org/t/p/original'/fDPAjvfPMomkKF7cMRmL5Anak61.jpg,63.042,7.334
10/30/21,Mr. & Mrs. Smith,2005,https://boxd.it/2fjopD,3,,,10/30/21,Mr. & Mrs. Smith,787,en,https://image.tmdb.org/t/p/original'/wzIO3ytxeSNt1wRpXLIdkNbGoDm.jpg,50.512,6.683
10/30/21,Train to Busan,2016,https://boxd.it/2fjpxN,4,,,10/30/21,Train to Busan,396535,ko,https://image.tmdb.org/t/p/original'/vNVFt6dtcqnI7hqa6LFBUibuFiw.jpg,87.514,7.753
10/30/21,Train to Busan,2016,https://boxd.it/2fjpxN,4,,,10/30/21,Train to Busan,396535,ko,https://image.tmdb.org/t/p/original'/vNVFt6dtcqnI7hqa6LFBUibuFiw.jpg,87.514,7.753
10/31/21,Downsizing,2017,https://boxd.it/2fks8t,2,,,10/30/21,Downsizing,301337,en,https://image.tmdb.org/t/p/original'/5bNzInSSAXfr0MFlHfb4IoQePVx.jpg,279.498,5.35
10/31/21,Downsizing,2017,https://boxd.it/2fks8t,2,,,10/30/21,Downsizing,301337,en,https://image.tmdb.org/t/p/original'/5bNzInSSAXfr0MFlHfb4IoQePVx.jpg,279.498,5.35
10/31/21,Corpse Bride,2005,https://boxd.it/2fv4bv,3,,,10/31/21,Corpse Bride,3933,en,https://image.tmdb.org/t/p/original'/isb2Qow76GpqYmsSyfdMfsYAjts.jpg,77.935,7.553
11/1/21,Miss Congeniality,2000,https://boxd.it/2fGY8T,,,,11/1/21,Miss Congeniality,1493,en,https://image.tmdb.org/t/p/original'/q1m9ME0zvncnFDmKXC43RqZr8mU.jpg,27.053,6.523
11/14/21,The Cabin in the Woods,2011,https://boxd.it/2hL9dV,4.5,Yes,,11/14/21,The Cabin in the Woods,22970,en,https://image.tmdb.org/t/p/original/kjDXrK3ReIwuDrpWElI5OQkKYTA.jpg,41.952,6.619
11/15/21,Nightcrawler,2014,https://boxd.it/2hM8xR,5,,,11/14/21,Nightcrawler,242582,en,https://image.tmdb.org/t/p/original'/j9HrX8f7GbZQm1BrBiR40uFQZSb.jpg,60.717,7.707
11/15/21,Ciao Alberto,2021,https://boxd.it/2hXdnp,4.5,,,11/15/21,Ciao Alberto,876716,en,https://image.tmdb.org/t/p/original'/9RKPB9IKDHaTxWQgjkS4IJao08a.jpg,29.361,7.4
11/15/21,The Simpsons in Plusaversary,2021,https://boxd.it/2hXemd,0.5,,,11/15/21,The Simpsons in Plusaversary,877183,en,https://image.tmdb.org/t/p/original'/p5jzbffrXuBTjsiwrQ3aOMTrvCj.jpg,29.092,6.533
11/16/21,The Irishman,2019,https://boxd.it/2i6e1n,4,,,11/16/21,The Irishman,398978,en,https://image.tmdb.org/t/p/original'/mbm8k3GFhXS0ROd9AD1gqYbIFbM.jpg,243.601,7.6
11/19/21,Dune,2021,https://boxd.it/2iw7wP,3.5,,,11/19/21,Dune,438631,en,https://image.tmdb.org/t/p/original'/d5NXSklXo0qyIYkgV94XAgMIckC.jpg,486.363,7.781
11/19/21,Dune,2021,https://boxd.it/2iw7wP,3.5,,,11/19/21,Dune,438631,en,https://image.tmdb.org/t/p/original'/d5NXSklXo0qyIYkgV94XAgMIckC.jpg,486.363,7.781
11/22/21,Shang-Chi and the Legend of the Ten Rings,2021,https://boxd.it/2iR9X1,3.5,,,11/21/21,Shang-Chi and the Legend of the Ten Rings,566525,en,https://image.tmdb.org/t/p/original'/1BIoJGKbXjdFDAqUEiA2VHqkK1Z.jpg,89.281,7.557
11/25/21,Venom: Let There Be Carnage,2021,https://boxd.it/2jinDj,3,,,11/24/21,Venom: Let There Be Carnage,580489,en,https://image.tmdb.org/t/p/original'/1MJNcPZy46hIy2CmSqOeru0yr5C.jpg,104.095,6.799
12/6/21,The Shawshank Redemption,1994,https://boxd.it/2l4KTp,5,Yes,,12/6/21,The Shawshank Redemption,278,en,https://image.tmdb.org/t/p/original'/9cqNxx0GxF0bflZmeSMuL5tnGzr.jpg,140.63,8.7
12/14/21,Eternals,2021,https://boxd.it/2mhenV,2.5,,,12/14/21,Eternals,524434,en,https://image.tmdb.org/t/p/original'/lFByFSLV5WDJEv3KabbdAF959F2.jpg,61.493,6.88
12/26/21,Spider-Man,2002,https://boxd.it/2oBpxb,,Yes,,12/24/21,Spider-Man,557,en,https://image.tmdb.org/t/p/original'/gh4cZbhZxyTbgxQPxD0dOudNPTn.jpg,113.501,7.296
12/26/21,Spider-Man 2,2004,https://boxd.it/2oBpP5,,Yes,,12/25/21,Spider-Man 2,558,en,https://image.tmdb.org/t/p/original'/olxpyq9kJAZ2NU1siLshhhXEPR7.jpg,40.44,7.273
12/26/21,Spider-Man 3,2007,https://boxd.it/2oBqlb,,Yes,,12/26/21,Spider-Man 3,559,en,https://image.tmdb.org/t/p/original'/qFmwhVUoUSXjkKRmca5yGDEXBIj.jpg,95.353,6.418
1/3/22,Chef,2014,https://boxd.it/2qTuMf,3.5,,,1/3/22,Chef,212778,en,https://image.tmdb.org/t/p/original'/yMtKHR6VG1Yagvv5F7IFpsGBm66.jpg,29.238,7.112
1/4/22,Howl's Moving Castle,2004,https://boxd.it/2rb5jj,3,,,1/4/22,Howl's Moving Castle,4935,ja,https://image.tmdb.org/t/p/original'/6pZgH10jhpToPcf0uvyTCPFhWpI.jpg,108.841,8.409
1/7/22,Inglourious Basterds,2009,https://boxd.it/2rHls1,4.5,Yes,,1/6/22,Inglourious Basterds,16869,en,https://image.tmdb.org/t/p/original'/7sfbEnaARXDDhKm0CZ7D7uc2sbo.jpg,125.085,8.218
1/9/22,1917,2019,https://boxd.it/2soGCR,4,,,1/9/22,1917,530915,en,https://image.tmdb.org/t/p/original'/iZf0KyrE25z1sage4SYFLCCrMi9.jpg,47.986,7.993
1/14/22,Romy and Michele's High School Reunion,1997,https://boxd.it/2tGHNV,5,,,1/14/22,Romy and Michele's High School Reunion,9611,en,https://image.tmdb.org/t/p/original'/etg1pHDwJfWbr5XeOkVxErjBRld.jpg,21.115,6.206
1/14/22,Team Thor,2016,https://boxd.it/2tGPPF,,,,1/14/22,Team Thor,413279,en,https://image.tmdb.org/t/p/original'/jVSmX89BvsQV2z3wh2IVYVNVw1a.jpg,11.067,7.289
1/15/22,The Revenant,2015,https://boxd.it/2tVGYj,3.5,,,1/15/22,The Revenant,281957,en,https://image.tmdb.org/t/p/original'/tSaBkriE7TpbjFoQUFXuikoz0dF.jpg,49.08,7.532
1/18/22,Enemy,2013,https://boxd.it/2uLf35,3.5,,,1/18/22,Enemy,181886,en,https://image.tmdb.org/t/p/original/coJzyPTkSp4RMRGdgE7pXmJbCiG.jpg,47.54,6.874
1/20/22,Trixie Mattel: Moving Parts,2019,https://boxd.it/2uYUoz,4,Yes,,1/19/22,Trixie Mattel: Moving Parts,589367,en,https://image.tmdb.org/t/p/original'/dRP8bHtrV2lTITjSpFKptuqR2Gq.jpg,6.369,6.777
1/20/22,Edward Scissorhands,1990,https://boxd.it/2v9t9f,3,,,1/20/22,Edward Scissorhands,162,en,https://image.tmdb.org/t/p/original'/e0FqKFvGPdQNWG8tF9cZBtev9Em.jpg,63.739,7.717
1/21/22,Encanto,2021,https://boxd.it/2vj3NX,4,,,1/21/22,Encanto,568124,en,https://image.tmdb.org/t/p/original'/4j0PNHkMr5ax3IA8tjtxcmPU3QT.jpg,135.294,7.605
1/22/22,The Unholy,2021,https://boxd.it/2vyeRh,1,,,1/22/22,The Unholy,632357,en,https://image.tmdb.org/t/p/original'/bShgiEQoPnWdw4LBrYT5u18JF34.jpg,36.336,6.612
1/23/22,The Silence of the Lambs,1991,https://boxd.it/2vzpv9,4,,,1/22/22,The Silence of the Lambs,274,en,https://image.tmdb.org/t/p/original'/uS9m8OBk1A8eM9I042bx8XXpqAq.jpg,15.477,8.348
2/11/22,Spider-Man: No Way Home,2021,https://boxd.it/2zl0fj,4.5,,,2/10/22,Spider-Man: No Way Home,634649,en,https://image.tmdb.org/t/p/original'/1g0dhYtq4irTY1GPXvft6k4YLjm.jpg,277.357,7.967
2/11/22,Scream,2022,https://boxd.it/2zkXGL,4,,,2/11/22,Scream,646385,en,https://image.tmdb.org/t/p/original'/1m3W6cpgwuIyjtg5nSnPx7yFkXW.jpg,83.966,6.7
2/16/22,Call Me by Your Name,2017,https://boxd.it/2Ak2qb,4.5,Yes,,2/16/22,Call Me by Your Name,398818,en,https://image.tmdb.org/t/p/original'/mZ4gBdfkhP9tvLH1DO4m4HYtiyi.jpg,64.968,8.144
2/16/22,Call Me by Your Name,2017,https://boxd.it/2Ak2qb,4.5,Yes,,2/16/22,Call Me by Your Name,398818,en,https://image.tmdb.org/t/p/original'/mZ4gBdfkhP9tvLH1DO4m4HYtiyi.jpg,64.968,8.144
4/7/22,Moonfall,2022,https://boxd.it/2Jkscb,2,,,4/6/22,Moonfall,406759,en,https://image.tmdb.org/t/p/original'/odVv1sqVs0KxBXiA8bhIBlPgalx.jpg,74.829,6.329
4/7/22,Death on the Nile,2022,https://boxd.it/2JksS7,2,,,4/6/22,Death on the Nile,505026,en,https://image.tmdb.org/t/p/original'/kVr5zIAFSPRQ57Y1zE7KzmhzdMQ.jpg,48.218,6.431
4/13/22,Ratatouille,2007,https://boxd.it/2KuLkH,,Yes,,4/11/22,Ratatouille,2062,en,https://image.tmdb.org/t/p/original'/t3vaWRPSf6WjDSamIkKDs1iQWna.jpg,114.424,7.82
4/15/22,Don't Look Up,2021,https://boxd.it/2KPMZj,3.5,,,4/15/22,Don't Look Up,646380,en,https://image.tmdb.org/t/p/original'/th4E1yqsE8DGpAseLiUrI60Hf8V.jpg,146.458,7.102
4/15/22,Don't Look Up,2021,https://boxd.it/2KPMZj,3.5,,,4/15/22,Don't Look Up,646380,en,https://image.tmdb.org/t/p/original'/th4E1yqsE8DGpAseLiUrI60Hf8V.jpg,146.458,7.102
4/24/22,Orphan,2009,https://boxd.it/2MxBhn,3.5,,,4/22/22,Orphan,21208,en,https://image.tmdb.org/t/p/original'/lCGpOgoTOGLtZnBiGY9HRg5Xnjd.jpg,67.43,6.999
5/3/22,Gone Girl,2014,https://boxd.it/2O9tXZ,4,Yes,,5/3/22,Gone Girl,210577,en,https://image.tmdb.org/t/p/original'/lv5xShBIDPe7m4ufdlV0IAc7Avk.jpg,86.689,7.892
5/9/22,Clueless,1995,https://boxd.it/2P2FbX,4,,,5/8/22,Clueless,9603,en,https://image.tmdb.org/t/p/original'/8AwVTcgpTnmeOs4TdTWqcFDXEsA.jpg,144.884,7.279
5/9/22,All the Bright Places,2020,https://boxd.it/2PfeVl,2.5,,,5/9/22,All the Bright Places,342470,en,https://image.tmdb.org/t/p/original'/4SafxuMKQiw4reBiWKVZJpJn80I.jpg,30.328,7.652
5/15/22,Doctor Strange in the Multiverse of Madness,2022,https://boxd.it/2Qf6fl,4,,,5/15/22,Doctor Strange in the Multiverse of Madness,453395,en,https://image.tmdb.org/t/p/original'/9Gtg2DzBhmYamXBS1hKAhiwbBKS.jpg,111.825,7.304
6/1/22,Everything Everywhere All at Once,2022,https://boxd.it/2TaPOx,5,,,5/31/22,Everything Everywhere All at Once,545611,en,https://image.tmdb.org/t/p/original'/w3LxiVYdWWRvEVdn5RYq6jIqkb1.jpg,75.851,7.791
7/17/22,The Sea Beast,2022,https://boxd.it/31SKKZ,4,,,7/17/22,The Sea Beast,560057,en,https://image.tmdb.org/t/p/original'/9Zfv4Ap1e8eKOYnZPtYaWhLkk0d.jpg,40.263,7.37
7/18/22,The Impossible,2012,https://boxd.it/326Nrf,4,,,7/17/22,The Impossible,80278,en,https://image.tmdb.org/t/p/original'/1kBYwWu24QKf47mumWEIAzo5tIu.jpg,33.344,7.368
7/27/22,Thor: Love and Thunder,2022,https://boxd.it/34jLTF,2,,,7/27/22,Thor: Love and Thunder,616037,en,https://image.tmdb.org/t/p/original'/pIkRyD18kl4FhoCNQuWxWu5cBLM.jpg,202.281,6.466
7/28/22,What We Do in the Shadows,2014,https://boxd.it/34wjQT,4,,,7/28/22,What We Do in the Shadows,246741,en,https://image.tmdb.org/t/p/original'/a2rD3i3DBMeYbA34rBv6z3B9S3a.jpg,23.531,7.573
8/7/22,The Witch,2015,https://boxd.it/36CDpN,4,,,8/7/22,The Witch,310131,en,https://image.tmdb.org/t/p/original/zap5hpFCWSvdWSuPGAQyjUv2wAC.jpg,51.777,6.953
8/12/22,The Billionaire,2011,https://boxd.it/37ENu7,3,,,8/12/22,The Billionaire,77094,th,https://image.tmdb.org/t/p/original'/gjolEycpddEirN0Tui92Zglprhb.jpg,9.702,7.3
8/24/22,Prometheus,2012,https://boxd.it/3a5PjR,3.5,,,8/24/22,Prometheus,70981,en,https://image.tmdb.org/t/p/original'/m7nZCtHJyDLncBUarfM5h5mrppx.jpg,227.437,6.552
8/25/22,Alien: Covenant,2017,https://boxd.it/3ah1yr,3,,,8/25/22,Alien: Covenant,126889,en,https://image.tmdb.org/t/p/original'/zecMELPbU5YMQpC81Z8ImaaXuf9.jpg,364.891,6.111
9/2/22,Cloverfield,2008,https://boxd.it/3bK1et,2.5,Yes,,9/2/22,Cloverfield,7191,en,https://image.tmdb.org/t/p/original'/qIegUGJqyMMCRjkKV1s7A9MqdJ8.jpg,86.436,6.684
9/5/22,Juno,2007,https://boxd.it/3c92Mr,5,,,9/4/22,Juno,7326,en,https://image.tmdb.org/t/p/original'/jNIn2tVhpvFD6P9IojldI3mNYcn.jpg,39.163,7.054
9/5/22,Alien,1979,https://boxd.it/3cl8an,4,,,9/5/22,Alien,348,en,https://image.tmdb.org/t/p/original'/vfrQk5IPloGg1v9Rzbh2Eg3VGyM.jpg,417.155,8.154
9/9/22,Ghost,1990,https://boxd.it/3d1QIH,4,,,9/9/22,Ghost,251,en,https://image.tmdb.org/t/p/original'/w9RaPHov8oM5cnzeE27isnFMsvS.jpg,80.115,7.212
9/13/22,The Perks of Being a Wallflower,2012,https://boxd.it/3dQ8ev,,Yes,,9/13/22,The Perks of Being a Wallflower,84892,en,https://image.tmdb.org/t/p/original'/aKCvdFFF5n80P2VdS7d8YBwbCjh.jpg,44.459,7.792
9/18/22,The Notebook,2004,https://boxd.it/3eFIC1,,Yes,,9/18/22,The Notebook,11036,en,https://image.tmdb.org/t/p/original'/rNzQyW4f8B8cQeg7Dgj3n6eT5k9.jpg,72.95,7.888
9/19/22,Her,2013,https://boxd.it/3eWoCJ,3,,,9/19/22,Her,152601,en,https://image.tmdb.org/t/p/original'/lEIaL12hSkqqe83kgADkbUqEnvk.jpg,162.11,7.857
10/13/22,The Terminal,2004,https://boxd.it/3jPOn7,3,,,10/13/22,The Terminal,594,en,https://image.tmdb.org/t/p/original'/pXNomqKcKXAQbuWxehb2N3XFKfn.jpg,50.18,7.341
10/26/22,Can You Keep a Secret?,2019,https://boxd.it/3mBbDJ,0.5,,,10/26/22,Can You Keep a Secret?,537739,en,https://image.tmdb.org/t/p/original'/7QtCOlHESPEYtFANmd4yLqsYKZ4.jpg,21.822,6.455
10/27/22,The Interview,2014,https://boxd.it/3mKUHp,4,,,10/27/22,The Interview,228967,en,https://image.tmdb.org/t/p/original'/tIDC4xT65l7a8qbgg8GvwD5g8c5.jpg,58.081,6.186
11/14/22,Wanted,2008,https://boxd.it/3qK6ph,,,,11/14/22,Wanted,8909,en,https://image.tmdb.org/t/p/original'/9ajbORY7zQrdxlMF2QPfIqTLfg7.jpg,41.432,6.518
9/10/23,The Guardians of the Galaxy Holiday Special,2022,https://boxd.it/4PgaGT,4,,,12/1/22,The Guardians of the Galaxy Holiday Special,774752,en,https://image.tmdb.org/t/p/original'/8dqXyslZ2hv49Oiob9UjlGSHSTR.jpg,36.023,7.172
9/10/23,Me Before You,2016,https://boxd.it/4PgaH3,3,Yes,,12/5/22,Me Before You,296096,en,https://image.tmdb.org/t/p/original'/Ia3dzj5LnCj1ZBdlVeJrbKJQxG.jpg,122.319,7.926
9/10/23,A Star Is Born,2018,https://boxd.it/4PgaHd,5,,,12/8/22,A Star Is Born,332562,en,https://image.tmdb.org/t/p/original'/wrFpXMNBRj2PBiN4Z5kix51XaIZ.jpg,46.98,7.501
9/10/23,District 9,2009,https://boxd.it/4PgaHn,2,,,12/15/22,District 9,17654,en,https://image.tmdb.org/t/p/original'/tuGlQkqLxnodDSk6mp5c2wvxUEd.jpg,44.943,7.441
9/10/23,The Hateful Eight,2015,https://boxd.it/4PgaHx,4,,,12/17/22,The Hateful Eight,273248,en,https://image.tmdb.org/t/p/original'/jIywvdPjia2t3eKYbjVTcwBQlG8.jpg,41.872,7.75
9/10/23,Guillermo del Toro's Pinocchio,2022,https://boxd.it/4PgaHH,4,,,12/19/22,Guillermo del Toro's Pinocchio,555604,en,https://image.tmdb.org/t/p/original'/vx1u0uwxdlhV2MUzj4VlcMB0N6m.jpg,40.223,8.113
9/10/23,Glass Onion,2022,https://boxd.it/4PgaHR,5,,,12/31/22,Glass Onion: A Knives Out Mystery,661374,en,https://image.tmdb.org/t/p/original'/vDGr1YdrlfbU9wxTOdpf3zChmv9.jpg,112.331,7.048
9/10/23,White Noise,2022,https://boxd.it/4PgaI1,3.5,,,1/1/23,White Noise,744594,en,https://image.tmdb.org/t/p/original'/1a48bfLQm57ByADdw05uRMoFCZc.jpg,17.551,5.577
9/10/23,It's a Wonderful Life,1946,https://boxd.it/4PgaIb,3.5,,,1/6/23,It's a Wonderful Life,1585,en,https://image.tmdb.org/t/p/original'/bSqt9rhDZx1Q7UZ86dBPKdNomp2.jpg,42.03,8.271
9/10/23,A Quiet Place Part II,2020,https://boxd.it/4PgaIl,3.5,,,1/8/23,A Quiet Place Part II,520763,en,https://image.tmdb.org/t/p/original/4q2hz2m8hubgvijz8Ez0T2Os2Yv.jpg,88.438,7.492
9/10/23,Manchester by the Sea,2016,https://boxd.it/4PgaIv,4.5,,,1/11/23,Manchester by the Sea,334541,en,https://image.tmdb.org/t/p/original'/e8daDzP0vFOnGyKmve95Yv0D0io.jpg,111.927,7.546
9/10/23,10 Things I Hate About You,1999,https://boxd.it/4PgaIF,3.5,,,1/11/23,10 Things I Hate About You,4951,en,https://image.tmdb.org/t/p/original'/ujERk3aKABXU3NDXOAxEQYTHe9A.jpg,55.382,7.588
9/10/23,The Shape of Water,2017,https://boxd.it/4PgaIP,4.5,,,1/14/23,The Shape of Water,399055,en,https://image.tmdb.org/t/p/original'/9zfwPffUXpBrEP26yp0q1ckXDcj.jpg,99.969,7.247
9/10/23,Okja,2017,https://boxd.it/4PgaIZ,3,,,1/14/23,Okja,387426,en,https://image.tmdb.org/t/p/original'/pHlRr2MfjK77VIIAO7p0R4jhsJI.jpg,153.445,7.37
9/10/23,The Hatchet Wielding Hitchhiker,2023,https://boxd.it/4PgaJ9,2,,,1/15/23,The Hatchet Wielding Hitchhiker,1061117,en,https://image.tmdb.org/t/p/original'/kqLloC5n66fLvhlWtZBr8h4SVF6.jpg,9.482,6.189
9/10/23,Ingrid Goes West,2017,https://boxd.it/4PgaJj,2.5,,,1/15/23,Ingrid Goes West,411741,en,https://image.tmdb.org/t/p/original'/3LEyW11onDltXHo0L1X23j9Nnvg.jpg,22.448,6.433
9/10/23,Oldboy,2003,https://boxd.it/4PgaJt,4.5,,,1/15/23,Oldboy,670,ko,https://image.tmdb.org/t/p/original'/pWDtjs568ZfOTMbURQBYuT4Qxka.jpg,48.538,8.256
9/10/23,Tom of Finland,2017,https://boxd.it/4PgaJD,5,,,1/16/23,Tom of Finland,405204,fi,https://image.tmdb.org/t/p/original'/9I1qNliGbbfKoZleqSHB9wV8kku.jpg,12.861,6.7
9/10/23,Swiss Army Man,2016,https://boxd.it/4PgaJX,4,,,1/16/23,Swiss Army Man,347031,en,https://image.tmdb.org/t/p/original'/8pxn8CQ6SD6tly75lrKw08wfZKv.jpg,23.563,6.929
9/10/23,The Lighthouse,2019,https://boxd.it/4PgaK7,4,,,1/17/23,The Lighthouse,503919,en,https://image.tmdb.org/t/p/original'/3nk9UoepYmv1G9oP18q6JJCeYwN.jpg,33.989,7.515
9/10/23,Palm Springs,2020,https://boxd.it/4PgaKh,4,,,1/17/23,Palm Springs,587792,en,https://image.tmdb.org/t/p/original'/yf5IuMW6GHghu39kxA0oFx7Bxmj.jpg,105.328,7.331
9/10/23,Kill Bill: Vol. 2,2004,https://boxd.it/4PgaKr,3.5,Yes,,1/18/23,Kill Bill: Vol. 2,393,en,https://image.tmdb.org/t/p/original'/2yhg0mZQMhDyvUQ4rG1IZ4oIA8L.jpg,50.541,7.879
9/10/23,Kill Bill: Vol. 1,2003,https://boxd.it/4PgaKB,3,Yes,,1/18/23,Kill Bill: Vol. 1,24,en,https://image.tmdb.org/t/p/original'/v7TaX8kXMXs5yFFGR41guUDNcnB.jpg,65.921,7.971
9/10/23,The Boy in the Striped Pyjamas,2008,https://boxd.it/4PgaKL,2.5,,,1/18/23,The Boy in the Striped Pyjamas,14574,en,https://image.tmdb.org/t/p/original'/sLwYSEVVV3r047cjrpRAbGgNsfL.jpg,89.218,7.84
9/10/23,Good Will Hunting,1997,https://boxd.it/4PgaKV,4,Yes,,1/19/23,Good Will Hunting,489,en,https://image.tmdb.org/t/p/original'/bABCBKYBK7A5G1x0FzoeoNfuj2.jpg,280.486,8.156
9/10/23,Coraline,2009,https://boxd.it/4PgaMH,3,,,1/20/23,Coraline,14836,en,https://image.tmdb.org/t/p/original'/4jeFXQYytChdZYE9JYO7Un87IlW.jpg,132.641,7.87
9/10/23,The Secret Life of Walter Mitty,2013,https://boxd.it/4PgaMR,3.5,Yes,,1/21/23,The Secret Life of Walter Mitty,116745,en,https://image.tmdb.org/t/p/original'/tY6ypjKOOtujhxiSwTmvA4OZ5IE.jpg,48.404,7.2
9/10/23,Ex Machina,2015,https://boxd.it/4PgaN1,4.5,,,1/22/23,Ex Machina,264660,en,https://image.tmdb.org/t/p/original'/aeJS3OXnp7d17QSoMdglZERwCkM.jpg,246.192,7.573
9/10/23,28 Days Later,2002,https://boxd.it/4PgaNb,0.5,,,1/23/23,28 Days Later,170,en,https://image.tmdb.org/t/p/original'/sQckQRt17VaWbo39GIu0TMOiszq.jpg,49.81,7.214
9/10/23,Blades of Glory,2007,https://boxd.it/4PgaNl,5,,,1/23/23,Blades of Glory,9955,en,https://image.tmdb.org/t/p/original'/yclY3zyzrL1MS9b6Eygs9ks0ZTY.jpg,23.549,6.1
9/10/23,Rope,1948,https://boxd.it/4PgaNv,4.5,,,1/24/23,Rope,1580,en,https://image.tmdb.org/t/p/original'/9ar6rxLDB8kagAnXZKn6h9smscr.jpg,28.64,7.956
9/10/23,Just Like Heaven,2005,https://boxd.it/4PgaNF,3,,,1/25/23,Just Like Heaven,9007,en,https://image.tmdb.org/t/p/original'/2cLbyVNhEEaUJGg7rfbLtX6454I.jpg,32.895,6.946
9/10/23,Hacksaw Ridge,2016,https://boxd.it/4PgaNP,3.5,,,1/25/23,Hacksaw Ridge,324786,en,https://image.tmdb.org/t/p/original'/wuz8TjCIWR2EVVMuEfBnQ1vuGS3.jpg,223.892,8.194
9/10/23,Zoolander,2001,https://boxd.it/4PgaNZ,3,,,1/26/23,Zoolander,9398,en,https://image.tmdb.org/t/p/original'/qdrbSneHZjJG2Dj0hhBxzzAo4HB.jpg,26.194,6.2
9/10/23,Burn After Reading,2008,https://boxd.it/4PgaO9,4,,,1/27/23,Burn After Reading,4944,en,https://image.tmdb.org/t/p/original'/jdwSkQu3XirmX18MNj8CqFWsCk.jpg,29.224,6.65
9/10/23,The Devil Wears Prada,2006,https://boxd.it/4PgaOj,4,Yes,,1/28/23,The Devil Wears Prada,350,en,https://image.tmdb.org/t/p/original'/8912AsVuS7Sj915apArUFbv6F9L.jpg,77.696,7.395
9/10/23,The Intouchables,2011,https://boxd.it/4PgaOt,4.5,,,1/28/23,The Intouchables,77338,fr,https://image.tmdb.org/t/p/original'/1QU7HKgsQbGpzsJbJK4pAVQV9F5.jpg,52.244,8.3
9/10/23,Groundhog Day,1993,https://boxd.it/4PgaOD,3,Yes,,1/29/23,Groundhog Day,137,en,https://image.tmdb.org/t/p/original'/gCgt1WARPZaXnq523ySQEUKinCs.jpg,43.52,7.609
9/10/23,Julie & Julia,2009,https://boxd.it/4PgaON,3,Yes,,1/29/23,Julie & Julia,24803,en,https://image.tmdb.org/t/p/original'/r1bFBBj3VMek0oEtgm9N51OqVjF.jpg,18.011,6.699
9/10/23,The Dictator,2012,https://boxd.it/4PgaOX,3.5,Yes,,1/30/23,The Dictator,76493,en,https://image.tmdb.org/t/p/original'/n0W7kajF4GFMRk2c0wWwMQqTaDM.jpg,32.909,6.19
9/10/23,All Quiet on the Western Front,2022,https://boxd.it/4PgaP7,3,,,1/30/23,All Quiet on the Western Front,49046,de,https://image.tmdb.org/t/p/original'/2IRjbi9cADuDMKmHdLK7LaqQDKA.jpg,73.374,7.739
9/10/23,Monty Python and the Holy Grail,1975,https://boxd.it/4PgaPh,3.5,,,1/31/23,Monty Python and the Holy Grail,762,en,https://image.tmdb.org/t/p/original'/xZ0rC0kuIsjk6RncpNK73kwstEP.jpg,37.166,7.805
9/10/23,"Girl, Interrupted",1999,https://boxd.it/4PgaPr,2.5,,,1/31/23,"Girl, Interrupted",3558,en,https://image.tmdb.org/t/p/original'/dOBdatHIVppvmRFw2z7bf9VKJr9.jpg,39.543,7.6
9/10/23,Life of Brian,1979,https://boxd.it/4PgaPB,3.5,,,2/2/23,Life of Brian,583,en,https://image.tmdb.org/t/p/original'/lSSA64WF0M0BXnjwr2quMh6shCl.jpg,70.693,7.762
9/10/23,Don't Look Up,2021,https://boxd.it/4PgaPL,4,Yes,,2/3/23,Don't Look Up,646380,en,https://image.tmdb.org/t/p/original'/th4E1yqsE8DGpAseLiUrI60Hf8V.jpg,146.458,7.102
9/10/23,Don't Look Up,2021,https://boxd.it/4PgaPL,4,Yes,,2/3/23,Don't Look Up,646380,en,https://image.tmdb.org/t/p/original'/th4E1yqsE8DGpAseLiUrI60Hf8V.jpg,146.458,7.102
9/10/23,This Is the End,2013,https://boxd.it/4PgaPV,3.5,,,2/3/23,This Is the End,109414,en,https://image.tmdb.org/t/p/original'/7Wdc3etyBJA4432TYtz6n9GQd1c.jpg,39.249,6.222
9/10/23,Black Panther: Wakanda Forever,2022,https://boxd.it/4PgaQ5,4.5,,,2/5/23,Black Panther: Wakanda Forever,505642,en,https://image.tmdb.org/t/p/original'/sv1xJUazXeYqALzczSZ3O6nkH75.jpg,250.057,7.127
9/10/23,Love Actually,2003,https://boxd.it/4PgaQf,3.5,Yes,,2/5/23,Love Actually,508,en,https://image.tmdb.org/t/p/original'/1ODdWLpyOnIVl0l67GrdaFDlJGf.jpg,97.194,7.116
9/10/23,Marry Me,2022,https://boxd.it/4PgaQp,1.5,,,2/6/23,Marry Me,615904,en,https://image.tmdb.org/t/p/original'/ko1JVbGj4bT8IhCWqjBQ6ZtF2t.jpg,23.761,6.69
9/10/23,Mickey Blue Eyes,1999,https://boxd.it/4PgaQJ,2,,,2/6/23,Mickey Blue Eyes,10154,en,https://image.tmdb.org/t/p/original'/5nIqLKEhWdA2QpzyaI2sbsTPaxP.jpg,14.196,5.664
9/10/23,Death Takes a Holiday,1934,https://boxd.it/4PgaS1,3.5,,,2/6/23,Death Takes a Holiday,37215,en,https://image.tmdb.org/t/p/original'/becYmbZXZalAvxNC4JVpQSjvqtk.jpg,5.648,6.3
9/10/23,Ocean's Eight,2018,https://boxd.it/4PgaSb,2,,,2/7/23,Ocean's Eight,402900,en,https://image.tmdb.org/t/p/original'/MvYpKlpFukTivnlBhizGbkAe3v.jpg,234.251,6.984
9/10/23,TÁR,2022,https://boxd.it/4PgaSl,4,,,2/7/23,TÁR,817758,en,https://image.tmdb.org/t/p/original'/dRVAlaU0vbG6hMf2K45NSiIyoUe.jpg,26.752,7.106
9/10/23,The Meyerowitz Stories,2017,https://boxd.it/4PgaSv,3.5,,,2/8/23,The Meyerowitz Stories,396398,en,https://image.tmdb.org/t/p/original'/c9teDTgwxgnb7wnZjZo4oNcF80R.jpg,23.538,6.45
9/10/23,October Sky,1999,https://boxd.it/4PgaSF,4.5,,,2/9/23,October Sky,13466,en,https://image.tmdb.org/t/p/original'/pBejcCxQ3WQW0cWmgjpFOoLWMuS.jpg,20.601,7.649
9/10/23,"tick, tick...BOOM!",2021,https://boxd.it/4PgaSP,5,,,2/9/23,"tick, tick... BOOM!",537116,en,https://image.tmdb.org/t/p/original'/DPmfcuR8fh8ROYXgdjrAjSGA0o.jpg,28.208,7.666
9/10/23,Your Name Engraved Herein,2020,https://boxd.it/4PgaSZ,3.5,,,2/10/23,Your Name Engraved Herein,719410,zh,https://image.tmdb.org/t/p/original'/m3y8B4beaYjGltS7G2zltURfaUD.jpg,26.217,7.9
9/10/23,National Treasure,2004,https://boxd.it/4PgaT9,2,Yes,,2/13/23,National Treasure,2059,en,https://image.tmdb.org/t/p/original'/pxL6E4GBOPUG6CdkO9cUQN5VMwI.jpg,40.569,6.633
9/10/23,Burning,2018,https://boxd.it/4PgaTj,4,,,2/14/23,Burning,813106,en,https://image.tmdb.org/t/p/original'/hxGv1O2W5SOJTmiBc45CL842mrx.jpg,0.781,6
9/10/23,Black Widow,2021,https://boxd.it/4PgaTt,3.5,,,2/19/23,Black Widow,497698,en,https://image.tmdb.org/t/p/original'/kwB7d51AIcyzPOBOHLCEZJkmPhQ.jpg,278.285,7.256
9/10/23,The Proposal,2009,https://boxd.it/4PgaTD,3.5,Yes,,2/19/23,The Proposal,18240,en,https://image.tmdb.org/t/p/original'/aEqtJDj8MvSDQwzggvcOfFTZMw.jpg,53.556,7.141
9/10/23,My Cousin Vinny,1992,https://boxd.it/4PgaTN,4,,,2/21/23,My Cousin Vinny,10377,en,https://image.tmdb.org/t/p/original'/z5RexWgSjQxa008MkAmi6LLZbjq.jpg,29.583,7.501
9/10/23,Ant-Man and the Wasp: Quantumania,2023,https://boxd.it/4PgaTX,3,,,2/22/23,Ant-Man and the Wasp: Quantumania,640146,en,https://image.tmdb.org/t/p/original'/qnqGbB22YJ7dSs4o6M7exTpNxPz.jpg,91.331,6.35
9/10/23,Nope,2022,https://boxd.it/4PgaUh,4.5,,,2/24/23,Nope,762504,en,https://image.tmdb.org/t/p/original'/AcKVlWaNVVVFQwro3nLXqPljcYA.jpg,44.133,6.854
9/10/23,Soul,2020,https://boxd.it/4PgaUr,5,Yes,,2/25/23,Soul,508442,en,https://image.tmdb.org/t/p/original'/hm58Jw4Lw8OIeECIq5qyPYhAeRJ.jpg,83.033,8.132
9/10/23,Punch-Drunk Love,2002,https://boxd.it/4PgaUB,3,,,2/28/23,Punch-Drunk Love,8051,en,https://image.tmdb.org/t/p/original'/vT2CXIsVKoGl0DZ8USwLWzEFznI.jpg,34.093,7.142
9/10/23,Grease,1978,https://boxd.it/4PgaUL,2.5,,,3/1/23,Grease,621,en,https://image.tmdb.org/t/p/original'/czVhhAaSBFpakur7U8pOIDV9NUG.jpg,297.896,7.4
9/10/23,RED,2010,https://boxd.it/4PgaUV,1.5,Yes,,3/2/23,RED,39514,en,https://image.tmdb.org/t/p/original'/8eeK3OB5PeSRQD7BpZcGZKkehG.jpg,35.068,6.698
9/10/23,Cars 2,2011,https://boxd.it/4PgaV5,2.5,Yes,,3/5/23,Cars 2,49013,en,https://image.tmdb.org/t/p/original'/okIz1HyxeVOMzYwwHUjH2pHi74I.jpg,97.202,6.116
9/10/23,Kingsman: The Secret Service,2014,https://boxd.it/4PgaVf,4.5,Yes,,3/13/23,Kingsman: The Secret Service,207703,en,https://image.tmdb.org/t/p/original'/r6q9wZK5a2K51KFj4LWVID6Ja1r.jpg,97.801,7.634
9/10/23,Kingsman: The Golden Circle,2017,https://boxd.it/4PgaVp,3.5,Yes,,3/14/23,Kingsman: The Golden Circle,343668,en,https://image.tmdb.org/t/p/original'/34xBL6BXNYFqtHO9zhcgoakS4aP.jpg,84.012,6.968
9/10/23,The Emperor's New Groove,2000,https://boxd.it/4PgaVJ,3,,,3/17/23,The Emperor's New Groove,11688,en,https://image.tmdb.org/t/p/original'/wwbgkXQBEKtnyIJapk6gUgWkVw8.jpg,104.382,7.6
9/10/23,Onward,2020,https://boxd.it/4PgaW3,4.5,,,3/20/23,Onward,508439,en,https://image.tmdb.org/t/p/original'/f4aul3FyD3jv3v4bul1IrkWZvzq.jpg,48.361,7.696
9/10/23,Nomadland,2020,https://boxd.it/4PgaWd,4,,,3/22/23,Nomadland,581734,en,https://image.tmdb.org/t/p/original/k5XzjWihzum1YgLMlqRDRZDmVMn.jpg,32.626,7.213
9/10/23,The Avengers,2012,https://boxd.it/4PgaWn,3.5,Yes,,3/24/23,The Avengers,24428,en,https://image.tmdb.org/t/p/original'/RYMX2wcKCBAr24UyPD7xwmjaTn.jpg,168.632,7.714
9/10/23,Die Beautiful,2016,https://boxd.it/4PgaXZ,3.5,,,3/26/23,Die Beautiful,418378,tl,https://image.tmdb.org/t/p/original'/fKsONTEt8vI4XOntWLm0gyrZ9h4.jpg,3.065,6.6
9/10/23,Being John Malkovich,1999,https://boxd.it/4PgaY9,4,,,3/26/23,Being John Malkovich,492,en,https://image.tmdb.org/t/p/original'/vKVUsumbCzK5Kn3aDpKM4EizKCA.jpg,28.584,7.412
9/10/23,John Wick,2014,https://boxd.it/4PgaYj,3,Yes,,3/29/23,John Wick,245891,en,https://image.tmdb.org/t/p/original'/fZPSd91yGE9fCcCe6OoQr6E3Bev.jpg,101.591,7.43
9/10/23,John Wick: Chapter 2,2017,https://boxd.it/4PgaYt,3.5,Yes,,3/31/23,John Wick: Chapter 2,324552,en,https://image.tmdb.org/t/p/original'/hXWBc0ioZP3cN4zCu6SN3YHXZVO.jpg,88.303,7.326
9/10/23,The Gentlemen,2019,https://boxd.it/4PgaYD,3.5,,,4/1/23,The Gentlemen,522627,en,https://image.tmdb.org/t/p/original/jtrhTYB7xSrJxR1vusu99nvnZ1g.jpg,60.004,7.682
9/10/23,John Wick: Chapter 3 – Parabellum,2019,https://boxd.it/4PgaYN,4,,,4/1/23,John Wick: Chapter 3 - Parabellum,458156,en,https://image.tmdb.org/t/p/original'/ziEuG1essDuWuC5lpWUaw1uXY2O.jpg,84.665,7.441
9/10/23,The Panti Sisters,2019,https://boxd.it/4PgaZ7,2,,,4/2/23,The Panti Sisters,622327,tl,https://image.tmdb.org/t/p/original'/5G8nxJhvT9cUyrxLIvKleKqrA0g.jpg,5.52,5.1
9/10/23,The Unbearable Weight of Massive Talent,2022,https://boxd.it/4PgaZr,4.5,,,4/3/23,The Unbearable Weight of Massive Talent,648579,en,https://image.tmdb.org/t/p/original'/aqhLeieyTpTUKPOfZ3jzo2La0Mq.jpg,33.798,6.772
9/10/23,Heneral Luna,2015,https://boxd.it/4PgaZB,4.5,Yes,,4/3/23,Heneral Luna,359105,tl,https://image.tmdb.org/t/p/original'/vCwbsgkdzpgTADyaa3g4jaWVAaR.jpg,8.669,7.6
9/10/23,Goyo: The Boy General,2018,https://boxd.it/4PgaZL,3.5,,,4/5/23,Goyo: The Boy General,522449,tl,https://image.tmdb.org/t/p/original'/fZuIWrzsqoeVlyWBJIek8crGSFz.jpg,10.51,6.9
9/10/23,The Fabulous Filipino Brothers,2021,https://boxd.it/4Pgb05,1.5,,,4/8/23,The Fabulous Filipino Brothers,644102,en,https://image.tmdb.org/t/p/original'/a2KwBZqjyhBmWFmifZWJS8UO2M1.jpg,2.354,6.5
9/10/23,Markova: Comfort Gay,2000,https://boxd.it/4Pgb0f,4.5,,,4/8/23,Markova: Comfort Gay,217428,tl,https://image.tmdb.org/t/p/original'/tQCfke11UF27R5klVHQlAicBqvh.jpg,4.11,6.3
9/10/23,Pinoy Sunday,2009,https://boxd.it/4Pgb0z,4,,,4/8/23,Pinoy Sunday,48401,zh,https://image.tmdb.org/t/p/original'/v7Zrr7mLLASUpMWy47t8ppjB8Ca.jpg,1.107,4.5
9/10/23,My 2 Mommies,2018,https://boxd.it/4Pgb0J,1,,,4/10/23,My 2 Mommies,524132,tl,https://image.tmdb.org/t/p/original'/dfzclLGJJFJF9pNL47YvOekY2on.jpg,0.75,5.5
9/10/23,Avatar: The Way of Water,2022,https://boxd.it/4Pgb0T,4,,,4/11/23,Avatar: The Way of Water,76600,en,https://image.tmdb.org/t/p/original'/t6HIqrRAclMCA60NsSmeqe9RmNV.jpg,253.176,7.625
9/10/23,You Don't Mess with the Zohan,2008,https://boxd.it/4Pgb13,3,,,4/13/23,You Don't Mess with the Zohan,10661,en,https://image.tmdb.org/t/p/original'/gBhLQmpCPoKFMCGsulMbIFzrBID.jpg,51.465,5.706
9/10/23,Stowaway,2021,https://boxd.it/4Pgb1d,3.5,,,4/17/23,Stowaway,559581,en,https://image.tmdb.org/t/p/original'/yOscLK7KzEPDdi1P8RmevGIjOSp.jpg,21.102,5.98
9/10/23,Colossal,2016,https://boxd.it/4Pgb1n,1.5,,,4/20/23,Colossal,339967,en,https://image.tmdb.org/t/p/original/4VOyofBd1pexblxtDZYtYIk7NI4.jpg,23.903,6.294
9/10/23,War for the Planet of the Apes,2017,https://boxd.it/4Pgb1x,3.5,,,4/24/23,War for the Planet of the Apes,281338,en,https://image.tmdb.org/t/p/original'/mMA1qhBFgZX8O36qPPTC016kQl1.jpg,310.494,7.194
9/10/23,Dawn of the Planet of the Apes,2014,https://boxd.it/4Pgb1H,4,,,4/24/23,Dawn of the Planet of the Apes,119450,en,https://image.tmdb.org/t/p/original'/kScdQEwS9jPEdnO23XjGAtaoRcT.jpg,364.89,7.323
9/10/23,Rise of the Planet of the Apes,2011,https://boxd.it/4Pgb1R,4,,,4/24/23,Rise of the Planet of the Apes,61791,en,https://image.tmdb.org/t/p/original'/cjLsuP75UDlRdJVMXzXg3TJ4umX.jpg,259.367,7.318
9/10/23,Inception,2010,https://boxd.it/4Pgb21,4,Yes,,4/25/23,Inception,27205,en,https://image.tmdb.org/t/p/original'/oYuLEt3zVCKq57qu2F8dT7NIa6f.jpg,379.523,8.368
9/10/23,The Nice Guys,2016,https://boxd.it/4Pgb2b,4,,,4/25/23,The Nice Guys,290250,en,https://image.tmdb.org/t/p/original'/uXdQztKoAtx7UU3RvqeF52KsoQP.jpg,113.701,7.115
9/10/23,My Super Ex-Girlfriend,2006,https://boxd.it/4Pgb2l,1.5,Yes,,4/25/23,My Super Ex-Girlfriend,4474,en,https://image.tmdb.org/t/p/original'/vs4jcY5NQA24zFGihY2EiqEA5hI.jpg,26.202,5.101
9/10/23,Hunger,2023,https://boxd.it/4Pgb2v,3.5,,,4/26/23,Hunger,1090501,en,https://image.tmdb.org/t/p/original'None,0.045,0
9/10/23,Django Unchained,2012,https://boxd.it/4Pgb3X,4,Yes,,4/27/23,Django Unchained,68718,en,https://image.tmdb.org/t/p/original'/7oWY8VDWW7thTzWh3OKYRkWUlD5.jpg,201.727,8.179
9/10/23,Django Unchained,2012,https://boxd.it/4Pgb3X,4,Yes,,4/27/23,Django Unchained,68718,en,https://image.tmdb.org/t/p/original'/7oWY8VDWW7thTzWh3OKYRkWUlD5.jpg,201.727,8.179
9/10/23,Train to Busan,2016,https://boxd.it/4Pgb47,3,Yes,,4/30/23,Train to Busan,396535,ko,https://image.tmdb.org/t/p/original'/vNVFt6dtcqnI7hqa6LFBUibuFiw.jpg,87.514,7.753
9/10/23,Train to Busan,2016,https://boxd.it/4Pgb47,3,Yes,,4/30/23,Train to Busan,396535,ko,https://image.tmdb.org/t/p/original'/vNVFt6dtcqnI7hqa6LFBUibuFiw.jpg,87.514,7.753
9/10/23,"I, Robot",2004,https://boxd.it/4Pgb4r,3,,,5/8/23,"I, Robot",2048,en,https://image.tmdb.org/t/p/original'/efwv6F2lGaghjPpBRSINHtoEiZB.jpg,49.599,6.946
9/10/23,Transformers,2007,https://boxd.it/4Pgb4B,2,Yes,,5/13/23,Transformers,1858,en,https://image.tmdb.org/t/p/original'/1P7w3AImoEOWJX7nn3fdaKDfEQA.jpg,19.972,6.797
9/10/23,Turning Red,2022,https://boxd.it/4Pgb4L,2.5,,,5/18/23,Turning Red,508947,en,https://image.tmdb.org/t/p/original'/qsdjk9oAKSQMWs0Vt5Pyfh6O4GZ.jpg,430.055,7.389
9/10/23,The Intern,2015,https://boxd.it/4Pgb4V,3.5,,,5/18/23,The Intern,257211,en,https://image.tmdb.org/t/p/original'/9UoAC9tu8kIyRy8AcJnGhnH0gOH.jpg,49.933,7.208
9/10/23,Borat Subsequent Moviefilm,2020,https://boxd.it/4Pgb55,4.5,,,5/21/23,Borat Subsequent Moviefilm,740985,en,https://image.tmdb.org/t/p/original'/3L1Ml5RWjFVfVq3rQENvgFymT0U.jpg,59.854,6.462
9/10/23,Bullet Train,2022,https://boxd.it/4Pgb5f,5,,,5/23/23,Bullet Train,718930,en,https://image.tmdb.org/t/p/original'/j8szC8OgrejDQjjMKSVXyaAjw3V.jpg,95.452,7.473
9/10/23,John Wick: Chapter 4,2023,https://boxd.it/4Pgb5p,3,,,5/29/23,John Wick: Chapter 4,603692,en,https://image.tmdb.org/t/p/original'/vZloFAK7NmvMGKE7VkF5UHaz0I.jpg,206.185,7.741
9/10/23,Renfield,2023,https://boxd.it/4Pgb5z,3.5,,,6/1/23,Renfield,649609,en,https://image.tmdb.org/t/p/original'/jG83l0tDwoQj3hBAioIsJ5rTPHw.jpg,40.402,6.564
9/10/23,The Little Mermaid,2023,https://boxd.it/4Pgb5J,3.5,,,6/5/23,The Little Mermaid,447277,en,https://image.tmdb.org/t/p/original'/ym1dxyOk4jFcSl4Q2zmRrA5BEEN.jpg,122.962,6.38
9/10/23,Enola Holmes 2,2022,https://boxd.it/4Pgb5T,2.5,,,6/6/23,Enola Holmes 2,829280,en,https://image.tmdb.org/t/p/original'/tegBpjM5ODoYoM1NjaiHVLEA0QM.jpg,33.131,7.404
9/10/23,Enola Holmes,2020,https://boxd.it/4Pgb63,3,,,6/6/23,Enola Holmes,497582,en,https://image.tmdb.org/t/p/original'/riYInlsq2kf1AWoGm80JQW5dLKp.jpg,32.116,7.286
9/10/23,Rocky,1976,https://boxd.it/4Pgb6d,2.5,,,6/12/23,Rocky,1366,en,https://image.tmdb.org/t/p/original'/cqxg1CihGR5ge0i1wYXr4Rdeppu.jpg,379.675,7.787
9/10/23,Before Midnight,2013,https://boxd.it/4Pgb6n,4,,,6/21/23,Before Midnight,132344,en,https://image.tmdb.org/t/p/original'/qbGKJmNUroDz75kh5Oafoall89e.jpg,24.655,7.512
9/10/23,Before Sunset,2004,https://boxd.it/4Pgb6x,4.5,,,6/21/23,Before Sunset,80,en,https://image.tmdb.org/t/p/original'/gycdE1ARByGQcK4fYR2mgpU6OO.jpg,25.623,7.819
9/10/23,Before Sunrise,1995,https://boxd.it/4Pgb6H,5,,,6/21/23,Before Sunrise,76,en,https://image.tmdb.org/t/p/original'/kf1Jb1c2JAOqjuzA3H4oDM263uB.jpg,37.456,7.97
9/10/23,Before Sunrise,1995,https://boxd.it/4Pgb6H,5,,,6/21/23,Before Sunrise,76,en,https://image.tmdb.org/t/p/original'/kf1Jb1c2JAOqjuzA3H4oDM263uB.jpg,37.456,7.97
9/10/23,Desert Flower,2009,https://boxd.it/4Pgb6R,3.5,,,6/25/23,Desert Flower,33997,en,https://image.tmdb.org/t/p/original'/xjeWO3QLyFZGnM7phfkOMINZ8Is.jpg,18.557,7.579
9/10/23,The Lobster,2015,https://boxd.it/4Pgb71,3.5,,,7/1/23,The Lobster,254320,en,https://image.tmdb.org/t/p/original'/7Y9ILV1unpW9mLpGcqyGQU72LUy.jpg,121.678,7.047
9/10/23,10 Cloverfield Lane,2016,https://boxd.it/4Pgb7b,4,Yes,,7/2/23,10 Cloverfield Lane,333371,en,https://image.tmdb.org/t/p/original'/84Dhwz93vCin6T1PX6ctSvWEuNE.jpg,109.248,6.989
9/10/23,Snowden,2016,https://boxd.it/4Pgb7l,4,,,7/3/23,Snowden,302401,en,https://image.tmdb.org/t/p/original'/yfK7zxNL63VWfluFuoUaJj5PdNw.jpg,22.388,7.103
9/10/23,Spider-Man: Across the Spider-Verse,2023,https://boxd.it/4Pgb7v,4,,,7/4/23,Spider-Man: Across the Spider-Verse,569094,en,https://image.tmdb.org/t/p/original'/8Vt6mWEReuy4Of61Lnj5Xj704m8.jpg,206.57,8.363
9/10/23,Guardians of the Galaxy Vol. 3,2023,https://boxd.it/4Pgb7F,4.5,,,7/25/23,Guardians of the Galaxy Vol. 3,447365,en,https://image.tmdb.org/t/p/original'/r2J02Z2OpNTctfOSN1Ydgii51I3.jpg,144.132,7.973
9/10/23,Awakenings,1990,https://boxd.it/4Pgb7P,4,,,7/26/23,Awakenings,11005,en,https://image.tmdb.org/t/p/original'/9gztZXuHLG6AJ0fgqGd7Q43cWRI.jpg,55.529,7.764
9/10/23,Confessions of a Shopaholic,2009,https://boxd.it/4Pgb89,2,,,7/30/23,Confessions of a Shopaholic,20048,en,https://image.tmdb.org/t/p/original'/6DH1iP06fcpjD7tppsTwcAyZfDR.jpg,26.314,6.464
9/10/23,Deadpool 2,2018,https://boxd.it/4Pgb97,3.5,Yes,,8/2/23,Deadpool 2,383498,en,https://image.tmdb.org/t/p/original'/to0spRl1CMDvyUbOnbb4fTk3VAd.jpg,319.123,7.5
9/10/23,Deadpool,2016,https://boxd.it/4Pgb9h,3.5,Yes,,8/2/23,Deadpool,293660,en,https://image.tmdb.org/t/p/original'/fSRb7vyIP8rQpL0I47P3qUsEKX3.jpg,427.085,7.613
9/10/23,Uncut Gems,2019,https://boxd.it/4Pgb9r,3.5,,,8/5/23,Uncut Gems,473033,en,https://image.tmdb.org/t/p/original'/6XN1vxHc7kUSqNWtaQKN45J5x2v.jpg,239.839,7.2
9/10/23,The Help,2011,https://boxd.it/4Pgb9B,3,,,8/20/23,The Help,50014,en,https://image.tmdb.org/t/p/original'/7XLSwxpfpPoJyTdJVot6a42TS2V.jpg,134.174,8.209
9/10/23,Billionaire Boys Club,2018,https://boxd.it/4PiZHd,1,,,9/10/23,Billionaire Boys Club,385360,en,https://image.tmdb.org/t/p/original'/7EpC1etIcUQxqPnBz0CpHLp3evv.jpg,16.811,5.688
9/13/23,Spirited Away,2001,https://boxd.it/4QeiZT,5,,,9/13/23,Spirited Away,129,ja,https://image.tmdb.org/t/p/original'/39wmItIWsg5sZMyRUHLkWBcuVCM.jpg,114.889,8.536
9/14/23,Before Sunrise,1995,https://boxd.it/4QtqL1,5,Yes,,9/14/23,Before Sunrise,76,en,https://image.tmdb.org/t/p/original'/kf1Jb1c2JAOqjuzA3H4oDM263uB.jpg,37.456,7.97
9/14/23,Before Sunrise,1995,https://boxd.it/4QtqL1,5,Yes,,9/14/23,Before Sunrise,76,en,https://image.tmdb.org/t/p/original'/kf1Jb1c2JAOqjuzA3H4oDM263uB.jpg,37.456,7.97
9/15/23,Barbie,2023,https://boxd.it/4QvGAx,4,,,9/14/23,Barbie,346698,en,https://image.tmdb.org/t/p/original'/iuFNMS8U5cb6xfzi51Dbkovj7vM.jpg,480.566,7.1
9/22/23,The Menu,2022,https://boxd.it/4SEz25,4,,,9/22/23,The Menu,593643,en,https://image.tmdb.org/t/p/original'/v31MsWhF9WFh7Qooq6xSBbmJxoG.jpg,100.063,7.184
9/30/23,Elemental,2023,https://boxd.it/4UZKVl,3.5,,,9/30/23,Elemental,976573,en,https://image.tmdb.org/t/p/original'/4Y1WNkd88JXmGfhtWR7dmDAo1T2.jpg,208.861,7.66
10/13/23,"Crazy, Stupid, Love.",2011,https://boxd.it/4Znf79,4,Yes,,10/13/23,"Crazy, Stupid, Love.",50646,en,https://image.tmdb.org/t/p/original'/p4RafgAPk558muOjnBMHhMArjS2.jpg,45.931,7.257
10/17/23,Superbad,2007,https://boxd.it/50ur4f,4,Yes,,10/16/23,Superbad,8363,en,https://image.tmdb.org/t/p/original'/ek8e8txUyUwd2BNqj6lFEerJfbq.jpg,65.935,7.247
10/18/23,Cruella,2021,https://boxd.it/510vHJ,5,,,10/18/23,Cruella,337404,en,https://image.tmdb.org/t/p/original'/wToO8opxkGwKgSfJ1JK8tGvkG6U.jpg,83.876,8.024
10/23/23,"To Wong Foo, Thanks for Everything! Julie Newmar",1995,https://boxd.it/52CDxR,3.5,,,10/23/23,"To Wong Foo, Thanks for Everything! Julie Newmar",9090,en,https://image.tmdb.org/t/p/original'/8bkJiI6N8wDxAtQ49bLUt0qCBII.jpg,23.221,7.297
11/2/23,The Day After Tomorrow,2004,https://boxd.it/568nzD,2.5,Yes,,11/2/23,The Day After Tomorrow,435,en,https://image.tmdb.org/t/p/original'/Wr4HeYQRvwVCxzOV5TmGE7UkXq.jpg,46.11,6.529
11/2/23,The Day the Earth Stood Still,2008,https://boxd.it/568nXl,1,Yes,,11/2/23,The Day the Earth Stood Still,10200,en,https://image.tmdb.org/t/p/original'/mrw9NShY6I2FgXwk8Ge437pn08N.jpg,37.722,5.608
11/2/23,Percy Jackson & the Olympians: The Lightning Thief,2010,https://boxd.it/569cTT,3,Yes,,11/2/23,Percy Jackson & the Olympians: The Lightning Thief,32657,en,https://image.tmdb.org/t/p/original'/8wmqmvJknPv6WptTRSA9kGUkPV7.jpg,65.289,6.215
11/3/23,Fire of Love,2022,https://boxd.it/56an2N,4,,,11/2/23,Fire of Love,913823,en,https://image.tmdb.org/t/p/original'/9smEX8UP84yb2GisLwyAyQKvCWS.jpg,9.963,7.527
11/4/23,No Hard Feelings,2023,https://boxd.it/56M8jl,2,,,11/4/23,No Hard Feelings,884605,en,https://image.tmdb.org/t/p/original'/4K7gQjD19CDEPd7A9KZwr2D9Nco.jpg,58.504,6.826
11/15/23,Kick-Ass,2010,https://boxd.it/5afGPl,,Yes,,11/14/23,Kick-Ass,23483,en,https://image.tmdb.org/t/p/original'/8citjdBmjddZjlPsAHEyCKwGVvD.jpg,45.452,7.125
11/15/23,Kick-Ass 2,2013,https://boxd.it/5ahtXZ,,Yes,,11/15/23,Kick-Ass 2,59859,en,https://image.tmdb.org/t/p/original'/1go2A3gdQjaMuHWquybgoJlQRcX.jpg,35.573,6.401
11/19/23,Instant Family,2018,https://boxd.it/5bwKsX,,,,11/19/23,Instant Family,491418,en,https://image.tmdb.org/t/p/original'/xYV1mODz99w7AjKDSQ7h2mzZhVe.jpg,36.71,7.527
11/22/23,Just Friends,2005,https://boxd.it/5cr4oD,,Yes,,11/22/23,Just Friends,10033,en,https://image.tmdb.org/t/p/original'/jgs2mdFlx8NJzbxXTHeQxvQbN6n.jpg,22.366,6.178
11/25/23,Bo Burnham: Inside,2021,https://boxd.it/5dvSNv,,Yes,,11/25/23,Bo Burnham: Inside,823754,en,https://image.tmdb.org/t/p/original'/ku1UvTWYvhFQbSesOD6zteY7bXT.jpg,16.403,8.059
12/5/23,Godzilla,2014,https://boxd.it/5gW5YZ,,Yes,,12/4/23,Godzilla,124905,en,https://image.tmdb.org/t/p/original'/zokD6uxR2iWfYM3Y84yGJvnNTK7.jpg,96.698,6.333
12/5/23,Kong: Skull Island,2017,https://boxd.it/5h3G6f,,Yes,,12/5/23,Kong: Skull Island,293167,en,https://image.tmdb.org/t/p/original'/r2517Vz9EhDhj88qwbDVj8DCRZN.jpg,235.831,6.539
12/7/23,Godzilla: King of the Monsters,2019,https://boxd.it/5hwyp7,2,Yes,,12/7/23,Godzilla: King of the Monsters,373571,en,https://image.tmdb.org/t/p/original'/fQ40gmFM4p03tXwMxQQKh2cCBW4.jpg,109.631,6.701
12/8/23,Thank You for Smoking,2005,https://boxd.it/5hFYH5,3,,,12/7/23,Thank You for Smoking,9388,en,https://image.tmdb.org/t/p/original'/xIlQYkRjpGBMXDkZoS3IRcckScA.jpg,21.919,7.192
12/8/23,Crying Ladies,2003,https://boxd.it/5hS099,,,,12/8/23,Crying Ladies,133688,tl,https://image.tmdb.org/t/p/original'/lwsGb1wHN56JKQywqTeB9ZeZ53v.jpg,2.22,4.7
12/9/23,Godzilla vs. Kong,2021,https://boxd.it/5hXlk3,3.5,Yes,,12/8/23,Godzilla vs. Kong,399566,en,https://image.tmdb.org/t/p/original'/pgqgaUx1cJb5oZQQ5v0tNARCeBp.jpg,123.613,7.618
12/9/23,Godzilla vs. Kong,2021,https://boxd.it/5hXlk3,3.5,Yes,,12/8/23,Godzilla vs. Kong,399566,en,https://image.tmdb.org/t/p/original'/pgqgaUx1cJb5oZQQ5v0tNARCeBp.jpg,123.613,7.618
12/10/23,(500) Days of Summer,2009,https://boxd.it/5iHAVP,2,,,12/10/23,(500) Days of Summer,19913,en,https://image.tmdb.org/t/p/original'/f9mbM0YMLpYemcWx6o2WeiYQLDP.jpg,45.064,7.282
12/12/23,Notting Hill,1999,https://boxd.it/5jnDUp,,Yes,,12/12/23,Notting Hill,509,en,https://image.tmdb.org/t/p/original'/hHRIf2XHeQMbyRb3HUx19SF5Ujw.jpg,163.922,7.3
12/16/23,Asteroid City,2023,https://boxd.it/5krjE9,4,,,12/15/23,Asteroid City,747188,en,https://image.tmdb.org/t/p/original'/qdq40gRS8xKnpFt5V75t6lUHgpx.jpg,52.467,6.483
12/31/23,Finch,2021,https://boxd.it/5rK6cR,4,,,12/30/23,Finch,522402,en,https://image.tmdb.org/t/p/original'/jKuDyqx7jrjiR9cDzB5pxzhJAdv.jpg,37.58,7.895
1/2/24,Godzilla Minus One,2023,https://boxd.it/5t1IJ3,4,,2024 cinema,1/1/24,Godzilla Minus One,940721,ja,https://image.tmdb.org/t/p/original'/hkxxMIGaiCTmrEArK7J56JTKUlB.jpg,1006.167,7.661
1/11/24,GoodFellas,1990,https://boxd.it/5yTaB3,3.5,,,1/10/24,GoodFellas,769,en,https://image.tmdb.org/t/p/original'/aKuFiU82s5ISJpGZp7YkIr3kCUd.jpg,255.64,8.465
1/22/24,Perfect Days,2023,https://boxd.it/5EjxmR,4,,,1/21/24,Perfect Days,976893,ja,https://image.tmdb.org/t/p/original'/tvUHVSTJV9ITON3oyHaWp7oaAc8.jpg,95.16,7.836
1/23/24,Lost in Translation,2003,https://boxd.it/5FgO3P,1,,,1/23/24,Lost in Translation,153,en,https://image.tmdb.org/t/p/original'/4k4Yz08WGfbu8ITIjaG99XTeco8.jpg,100.501,7.395
1/25/24,Crazy Rich Asians,2018,https://boxd.it/5FP8uJ,2.5,,,1/24/24,Crazy Rich Asians,455207,en,https://image.tmdb.org/t/p/original'/1XxL4LJ5WHdrcYcihEZUCgNCpAW.jpg,171.031,7.066
1/26/24,The Best Offer,2013,https://boxd.it/5GhiiJ,3.5,Yes,,1/25/24,The Best Offer,152742,it,https://image.tmdb.org/t/p/original'/yfbsINSfotAHaeWKJbfsVKSckvq.jpg,22.783,7.828
1/29/24,Jojo Rabbit,2019,https://boxd.it/5Ig6nj,5,Yes,,1/29/24,Jojo Rabbit,515001,en,https://image.tmdb.org/t/p/original'/7GsM4mtM0worCtIVeiQt28HieeN.jpg,37.506,8.025
1/30/24,Avengers: Endgame,2019,https://boxd.it/5IPjlZ,4.5,Yes,,1/29/24,Avengers: Endgame,299534,en,https://image.tmdb.org/t/p/original'/or06FN3Dka5tukK1e9sl16pB3iy.jpg,240.198,8.253
2/1/24,Murder on the Orient Express,2017,https://boxd.it/5JIfDP,3,Yes,,2/1/24,Murder on the Orient Express,392044,en,https://image.tmdb.org/t/p/original'/kc2gJjebceoFgOQbukzPzP8SXVZ.jpg,52.65,6.712
2/2/24,"Planes, Trains and Automobiles",1987,https://boxd.it/5K7NLt,4.5,,,2/2/24,"Planes, Trains and Automobiles",2609,en,https://image.tmdb.org/t/p/original'/3RSucVsX96Ste8WDJfZP1hbNGqQ.jpg,26.537,7.239
2/5/24,The Batman,2022,https://boxd.it/5LDoWz,4.5,,,2/5/24,The Batman,414906,en,https://image.tmdb.org/t/p/original'/74xTEgt7R36Fpooo50r9T25onhq.jpg,445.215,7.677
2/9/24,The Marvels,2023,https://boxd.it/5N9rMb,3,,,2/9/24,The Marvels,609681,en,https://image.tmdb.org/t/p/original'/9GBhzXMFjgcZ3FdR9w3bUMMTps5.jpg,376.424,6.1
2/25/24,Annihilation,2018,https://boxd.it/5UAgBD,4,Yes,,2/25/24,Annihilation,300668,en,https://image.tmdb.org/t/p/original'/1dRweZy8DxGDhJFqiOA4Ni3I1ie.jpg,46.604,6.411
2/26/24,Mad Max: Fury Road,2015,https://boxd.it/5UNhsN,5,Yes,,2/26/24,Mad Max: Fury Road,76341,en,https://image.tmdb.org/t/p/original'/hA2ple9q4qnwxp3hKVNhroipsir.jpg,453.216,7.598
2/27/24,Poor Things,2023,https://boxd.it/5VEodV,5,,,2/27/24,Poor Things,792307,en,https://image.tmdb.org/t/p/original'/kCGlIMHnOm8JPXq3rXM6c5wMxcT.jpg,228.813,7.8
3/2/24,Spaceman,2024,https://boxd.it/5XdgzD,3,,,3/2/24,Spaceman,636706,en,https://image.tmdb.org/t/p/original'/f46WvKEsBn98WJbPJcO47ZoKn6B.jpg,60.046,6.811
3/3/24,Sunday Beauty Queen,2016,https://boxd.it/5XSDBf,4,,,3/3/24,Sunday Beauty Queen,430792,tl,https://image.tmdb.org/t/p/original'/kwahnbFcdO7LtVnybBoz83TwGIC.jpg,1.214,8.7
3/4/24,Society of the Snow,2023,https://boxd.it/5XXXtZ,5,,,3/3/24,Society of the Snow,906126,es,https://image.tmdb.org/t/p/original'/2e853FDVSIso600RqAMunPxiZjq.jpg,84.358,8.067
3/4/24,Tetris,2023,https://boxd.it/5Yq4Cv,3,,,3/4/24,Tetris,726759,en,https://image.tmdb.org/t/p/original'/4F2QwCOYHJJjecSvdOjStuVLkpu.jpg,54.562,7.726
3/5/24,Memento,2000,https://boxd.it/5YWbTR,4.5,,,3/5/24,Memento,77,en,https://image.tmdb.org/t/p/original'/nWtySDlffTfwAa0rSfq61o33ZXV.jpg,41.406,8.2
3/7/24,Oppenheimer,2023,https://boxd.it/5ZoRUj,4.5,,,3/6/24,Oppenheimer,872585,en,https://image.tmdb.org/t/p/original'/8Gxv8gSFCU0XGDykEGv7zR1n2ua.jpg,561.115,8.096
3/8/24,Society of the Snow: Who Were We on the Mountain?,2024,https://boxd.it/608jwz,,,,3/8/24,Society of the Snow: Who Were We on the Mountain?,1232289,es,https://image.tmdb.org/t/p/original'/uHTQVdJHbPMvaOdzqlqBXFTctCp.jpg,21.738,7.5
3/9/24,Charlie's Angels,2000,https://boxd.it/60zM73,3,Yes,,3/9/24,Charlie's Angels,4327,en,https://image.tmdb.org/t/p/original'/u5GbILxLgfeNHCnTtTRuhmAC9i4.jpg,39.424,5.828
3/9/24,The Banshees of Inisherin,2022,https://boxd.it/60C2jD,4,,,3/9/24,The Banshees of Inisherin,674324,en,https://image.tmdb.org/t/p/original'/4yFG6cSPaCaPhyJ1vtGOtMD1lgh.jpg,39.533,7.458
3/10/24,Leonor Will Never Die,2022,https://boxd.it/615WGh,4,,,3/10/24,Leonor Will Never Die,913689,tl,https://image.tmdb.org/t/p/original'/1RhMTthNne58E2P0moPWZcJjpkC.jpg,6.437,7.6
3/12/24,The Highwaymen,2019,https://boxd.it/629sRB,2.5,Yes,,3/12/24,The Highwaymen,500682,en,https://image.tmdb.org/t/p/original'/4bRYg4l12yDuJvAfqvUOPnBrxno.jpg,27.396,6.749
3/15/24,Horrible Bosses,2011,https://boxd.it/63tuoF,2,Yes,,3/15/24,Horrible Bosses,51540,en,https://image.tmdb.org/t/p/original'/uQkUwgyFHAm0jGQERPG6Z9o9Zbj.jpg,44.501,6.6
3/24/24,Superhero Movie,2008,https://boxd.it/67zUXf,2,Yes,,3/24/24,Superhero Movie,11918,en,https://image.tmdb.org/t/p/original'/4MtvQdh5VP7jMSydhggp1P80FMj.jpg,31.328,5.243
3/26/24,Imaginary,2024,https://boxd.it/68gewx,1.5,,,3/24/24,Imaginary,1125311,en,https://image.tmdb.org/t/p/original'/9u6HEtZJdZDjPGGJq6YEuhPnoan.jpg,147.912,6.226
3/26/24,Imaginary,2024,https://boxd.it/68gewx,1.5,,,3/24/24,Imaginary,1125311,en,https://image.tmdb.org/t/p/original'/9u6HEtZJdZDjPGGJq6YEuhPnoan.jpg,147.912,6.226
3/26/24,Tower Heist,2011,https://boxd.it/68j2x5,2,Yes,,3/25/24,Tower Heist,59108,en,https://image.tmdb.org/t/p/original'/1HcOyMODYZXnncMikfhYkw3x2ss.jpg,34.242,6.095
3/26/24,Tower Heist,2011,https://boxd.it/68j2x5,2,Yes,,3/25/24,Tower Heist,59108,en,https://image.tmdb.org/t/p/original'/1HcOyMODYZXnncMikfhYkw3x2ss.jpg,34.242,6.095
3/26/24,Fun with Dick and Jane,2005,https://boxd.it/68FQit,2,,,3/26/24,Fun with Dick and Jane,7552,en,https://image.tmdb.org/t/p/original'/1NBVGBi8Z6MhJBAJ5SuRMqP7o3T.jpg,25.216,6.203
3/26/24,Imaginary,2024,https://boxd.it/68FRkb,1.5,Yes,2024 cinema,3/26/24,Imaginary,1125311,en,https://image.tmdb.org/t/p/original'/9u6HEtZJdZDjPGGJq6YEuhPnoan.jpg,147.912,6.226
3/26/24,Imaginary,2024,https://boxd.it/68FRkb,1.5,Yes,2024 cinema,3/26/24,Imaginary,1125311,en,https://image.tmdb.org/t/p/original'/9u6HEtZJdZDjPGGJq6YEuhPnoan.jpg,147.912,6.226
3/27/24,BlacKkKlansman,2018,https://boxd.it/68I8UT,3.5,,,3/26/24,BlacKkKlansman,487558,en,https://image.tmdb.org/t/p/original'/8jxqAvSDoneSKRczaK8v9X5gqBp.jpg,31.791,7.513
3/29/24,Se7en,1995,https://boxd.it/69Yhe9,4,Yes,,3/29/24,Se7en,807,en,https://image.tmdb.org/t/p/original'/6yoghtyTpznpBik8EngEmJskVUO.jpg,337.057,8.373
3/29/24,Horrible Bosses 2,2014,https://boxd.it/69Yi0x,2,,,3/29/24,Horrible Bosses 2,227159,en,https://image.tmdb.org/t/p/original'/boBOkwIqgrs8noxBUSDkkicKa4K.jpg,47.449,6.181
3/29/24,The Lost City,2022,https://boxd.it/69YjUr,2,,,3/29/24,The Lost City,752623,en,https://image.tmdb.org/t/p/original'/neMZH82Stu91d3iqvLdNQfqPPyl.jpg,51.817,6.526
3/31/24,Jurassic Park,1993,https://boxd.it/6aV1k9,4,,,3/31/24,Jurassic Park,329,en,https://image.tmdb.org/t/p/original'/b1xCNnyrPebIc7EWNZIa6jhb1Ww.jpg,37.228,7.946
4/2/24,Blade Runner,1982,https://boxd.it/6bW9CB,3,,,4/2/24,Blade Runner,78,en,https://image.tmdb.org/t/p/original'/63N9uy8nd9j7Eog2axPQ8lbr3Wj.jpg,69.178,7.936
4/2/24,One Day,2011,https://boxd.it/6bZ8kx,3.5,,,4/2/24,One Day,51828,en,https://image.tmdb.org/t/p/original'/n9jMwSg4IavdD8wqdYnyW5w3Mvp.jpg,45.556,7.4
4/2/24,Bride Wars,2009,https://boxd.it/6c4tjF,2,Yes,,4/2/24,Bride Wars,10521,en,https://image.tmdb.org/t/p/original'/eyXT8tmUoyHrg7YX1UVjmecHCWP.jpg,26.875,6.238
4/5/24,Godzilla × Kong: The New Empire,2024,https://boxd.it/6dd8pp,2,,2024 cinema,4/3/24,Godzilla x Kong: The New Empire,823464,en,https://image.tmdb.org/t/p/original/z1p34vh7dEOnLDmyCrlUVLuoDzd.jpg,2706.072,7.243
4/5/24,Marriage Story,2019,https://boxd.it/6cY8T5,5,,,4/4/24,Marriage Story,492188,en,https://image.tmdb.org/t/p/original'/91osxUqsq1JC0zJzB1CpAavlWu7.jpg,32.178,7.745
4/5/24,Bee Movie,2007,https://boxd.it/6dgpP1,,Yes,,4/5/24,Bee Movie,5559,en,https://image.tmdb.org/t/p/original'/1xlHV0AMoXQAOPAZXLQgq39tRCJ.jpg,46.362,6.026
4/8/24,Shutter,2008,https://boxd.it/6eraRd,1,Yes,,4/6/24,Shutter,10885,en,https://image.tmdb.org/t/p/original'/bft6OyITsxSZuTxu2oJipApLran.jpg,22.77,5.544
4/8/24,Birds of Prey (and the Fantabulous Emancipation of One Harley Quinn),2020,https://boxd.it/6erbOz,3,Yes,,4/6/24,Birds of Prey (and the Fantabulous Emancipation of One Harley Quinn),495764,en,https://image.tmdb.org/t/p/original'/h4VB6m0RwcicVEZvzftYZyKXs6K.jpg,62.967,6.928
4/8/24,Birds of Prey (and the Fantabulous Emancipation of One Harley Quinn),2020,https://boxd.it/6erbOz,3,Yes,,4/6/24,Birds of Prey (and the Fantabulous Emancipation of One Harley Quinn),495764,en,https://image.tmdb.org/t/p/original'/h4VB6m0RwcicVEZvzftYZyKXs6K.jpg,62.967,6.928
4/8/24,The Social Network,2010,https://boxd.it/6exKcd,3.5,Yes,,4/8/24,The Social Network,37799,en,https://image.tmdb.org/t/p/original'/n0ybibhJtQ5icDqTp8eRytcIHJx.jpg,50.5,7.365
4/10/24,Beverly Hills Cop,1984,https://boxd.it/6fykvT,3.5,,,4/10/24,Beverly Hills Cop,90,en,https://image.tmdb.org/t/p/original'/eBJEvKkhQ0tUt1dBAcTEYW6kCle.jpg,48.656,7.188
4/11/24,Downsizing,2017,https://boxd.it/6fTLT1,2.5,Yes,,4/11/24,Downsizing,301337,en,https://image.tmdb.org/t/p/original'/5bNzInSSAXfr0MFlHfb4IoQePVx.jpg,279.498,5.35
4/11/24,Downsizing,2017,https://boxd.it/6fTLT1,2.5,Yes,,4/11/24,Downsizing,301337,en,https://image.tmdb.org/t/p/original'/5bNzInSSAXfr0MFlHfb4IoQePVx.jpg,279.498,5.35
4/13/24,Beverly Hills Cop II,1987,https://boxd.it/6gFlzl,3,,,4/13/24,Beverly Hills Cop II,96,en,https://image.tmdb.org/t/p/original'/egDakU8O5yUwpUJP9IMAUVtIDll.jpg,42.01,6.481
4/19/24,Liar Liar,1997,https://boxd.it/6iDGdp,2.5,Yes,,4/18/24,Liar Liar,1624,en,https://image.tmdb.org/t/p/original'/p1habYSdC7oD3WygQ5lynU5G5rV.jpg,40.85,6.684
4/19/24,Dune,2021,https://boxd.it/6iXLV7,4,Yes,,4/19/24,Dune,438631,en,https://image.tmdb.org/t/p/original'/d5NXSklXo0qyIYkgV94XAgMIckC.jpg,486.363,7.781
4/19/24,Dune,2021,https://boxd.it/6iXLV7,4,Yes,,4/19/24,Dune,438631,en,https://image.tmdb.org/t/p/original'/d5NXSklXo0qyIYkgV94XAgMIckC.jpg,486.363,7.781
4/19/24,Dune: Part Two,2024,https://boxd.it/6iXMzB,4.5,,,4/19/24,Dune: Part Two,693134,en,https://image.tmdb.org/t/p/original'/czembW0Rk1Ke7lCJGahbOhdCuhV.jpg,836.038,8.168
4/23/24,Galaxy Quest,1999,https://boxd.it/6kDYMZ,4,,,4/23/24,Galaxy Quest,926,en,https://image.tmdb.org/t/p/original'/fZXSwgZknp81vmciTb86rw0MejV.jpg,152.321,7.06
4/25/24,Misery,1990,https://boxd.it/6lmxKR,4.5,,,4/25/24,Misery,1700,en,https://image.tmdb.org/t/p/original'/23Y65uWaVMpqfbZTN3CT0aei4D5.jpg,353.063,7.756
4/27/24,Hot Fuzz,2007,https://boxd.it/6m6EV5,4,Yes,,4/27/24,Hot Fuzz,4638,en,https://image.tmdb.org/t/p/original'/zPib4ukTSdXvHP9pxGkFCe34f3y.jpg,40.364,7.554
4/27/24,Ricky Stanicky,2024,https://boxd.it/6m7Xpf,2,,,4/27/24,Ricky Stanicky,1022690,en,https://image.tmdb.org/t/p/original'/cEuX73Q1wpMypB1cr4l3MoMGpL4.jpg,98.504,6.551
5/1/24,Jurassic World Dominion,2022,https://boxd.it/6nPTQD,2,,,5/1/24,Jurassic World Dominion,507086,en,https://image.tmdb.org/t/p/original'/kAVRgw7GgK1CfYEJq8ME6EvRIgU.jpg,159.134,6.714