entry_id,name,year,letterboxd_uri,rating,rewatch,watched_date,movie_id,language,poster,popularity,vote_average,release_date,revenue,runtime,tagline,genre_1,genre_2,genre_3,genre_4,genre_5,country_1,country_2,country_3,country_4,director_1,director_2,director_3
1,Godzilla vs. Kong,2021,https://boxd.it/1PXghH,3,,2021-05-03,399566,en,https://image.tmdb.org/t/p/original'/pgqgaUx1cJb5oZQQ5v0tNARCeBp.jpg,123.613,7.618,2021-03-24,470116094,114,One will fall.,Action,Science Fiction,Adventure,,,US,,,,Adam Wingard,,
2,The Woman in the Window,2021,https://boxd.it/1S4UiR,2.5,,2021-05-19,520663,en,https://image.tmdb.org/t/p/original'/wcrjc1uwQaqoqtqi67Su4VCOYo0.jpg,20.96,6.02,2021-05-13,0,102,She has nothing to prove but what's real.,Crime,Mystery,Thriller,,,US,,,,Joe Wright,,
3,About Time,2013,https://boxd.it/1SLTdH,4.5,,2021-05-24,122906,en,https://image.tmdb.org/t/p/original'/iR1bVfURbN7r1C46WHFbwCkVve.jpg,54.267,7.918,2013-09-04,87100449,123,What if every moment in life came with a second chance?,Drama,Romance,Fantasy,,,GB,,,,Richard Curtis,,
4,Pretty Woman,1990,https://boxd.it/1T0ZVb,2.5,,2021-05-26,114,en,https://image.tmdb.org/t/p/original'/dZXpE4BlesBJwLl53jUJ9mT1Jxr.jpg,56.968,7.5,1990-03-23,463406268,119,"She walked off the street, into his life and stole his heart.",Comedy,Romance,,,,US,,,,Garry Marshall,,
5,The Handmaiden,2016,https://boxd.it/1TZaH5,4,,2021-06-02,290098,ko,https://image.tmdb.org/t/p/original'/dLlH4aNHdnmf62umnInL8xPlPzw.jpg,60.195,8.225,2016-06-01,38600000,145,Never did they expect to get into a controversial relationship...,Thriller,Drama,Romance,,,KR,,,,Park Chan-wook,,
6,Hello World,2019,https://boxd.it/1XXzMh,3.5,,2021-07-03,604605,ja,https://image.tmdb.org/t/p/original'/vmizP4G4EWsxNf6PLOvGNaFJ89Y.jpg,19.758,7.3,2019-09-20,0,98,This world is overturned in its last one second.,Animation,Romance,Science Fiction,,,JP,,,,Tomohiko Ito,,
7,5 Centimeters per Second,2007,https://boxd.it/1XXzIz,3.5,,2021-07-03,38142,ja,https://image.tmdb.org/t/p/original'/dFipUR6W0y3PPkuVS8gjFd929m2.jpg,37.434,7.3,2007-03-03,0,63,At what speed must I live to see you again?,Animation,Romance,Drama,,,JP,,,,Makoto Shinkai,,
8,Your Name.,2016,https://boxd.it/1XXzzd,5,Yes,2021-07-03,372058,ja,https://image.tmdb.org/t/p/original'/q719jXXEzOoYaps6babgKnONONX.jpg,98.286,8.495,2016-08-26,358000000,106,"Separated by distance, connected by fate.",Animation,Romance,Drama,,,JP,,,,Makoto Shinkai,,
9,Horimiya,2021,https://boxd.it/1XXzEx,3,,2021-07-03,816363,ja,https://image.tmdb.org/t/p/original'/mOcLC8yEbiMXs82w3dKtkl72Zr8.jpg,7.387,9,2021-02-05,0,87,,Drama,,,,,JP,,,,Hana Matsumoto,,
10,Flavors of Youth,2018,https://boxd.it/1YgnNv,3.5,,2021-07-05,513347,zh,https://image.tmdb.org/t/p/original'/ueHeH5ergeHx27L4SCI9qlmwczA.jpg,27.226,6.9,2018-08-04,496334,74,Three different stories of youth set in different cities of China.,Animation,Romance,Drama,,,CN,,,,Yoshitaka Takeuchi,Li Haoling,Xiaoxing Yi
11,"Definitely, Maybe",2008,https://boxd.it/24VrjF,,,2021-07-19,8390,en,https://image.tmdb.org/t/p/original'/oUdcZfd8r6HZRVIQeaTU0XtQFeQ.jpg,26.127,6.93,2008-02-08,55447968,112,Three relationships. Three disasters. One last chance.,Comedy,Romance,,,,US,,,,Adam Brooks,,
12,Luca,2021,https://boxd.it/21HjYP,4,,2021-07-28,508943,en,https://image.tmdb.org/t/p/original'/jTswp6KyDYKtvC52GbHagrZbGvD.jpg,89.711,7.8,2021-06-17,51074773,95,Prepare for an unforgettable trip.,Animation,Comedy,Fantasy,Adventure,Family,US,,,,Enrico Casarosa,,
13,Call Me by Your Name,2017,https://boxd.it/21J52L,4.5,,2021-07-28,398818,en,https://image.tmdb.org/t/p/original'/mZ4gBdfkhP9tvLH1DO4m4HYtiyi.jpg,64.968,8.144,2017-07-28,43143046,132,Is it better to speak or die?,Romance,Drama,,,,US,,,,Luca Guadagnino,,
14,Brokeback Mountain,2005,https://boxd.it/22IHqt,4.5,,2021-08-04,142,en,https://image.tmdb.org/t/p/original'/5UZ283LuT8ClE4Iqw3u4gGZizab.jpg,50.859,7.8,2005-09-10,178043761,134,Love is a force of nature,Drama,Romance,,,,US,CA,,,Ang Lee,,
15,Django Unchained,2012,https://boxd.it/22RLwX,4,,2021-08-05,68718,en,https://image.tmdb.org/t/p/original'/7oWY8VDWW7thTzWh3OKYRkWUlD5.jpg,201.727,8.179,2012-12-25,425368238,165,"Life, liberty, and the pursuit of vengeance.",Drama,Western,,,,US,,,,Quentin Tarantino,,
16,Planet of the Apes,2001,https://boxd.it/2307Kt,1.5,,2021-08-06,869,en,https://image.tmdb.org/t/p/original'/2IZcJHsTugOdyg0Y8ejj4CM2X3a.jpg,211.816,5.746,2001-07-25,362211740,120,You'll be sorry you were ever born human.,Thriller,Science Fiction,Action,Adventure,,US,,,,Tim Burton,,
17,War of the Worlds,2005,https://boxd.it/22Zjpv,2.5,Yes,2021-08-06,74,en,https://image.tmdb.org/t/p/original'/6Biy7R9LfumYshur3YKhpj56MpB.jpg,150.2,6.508,2005-06-28,603873119,117,They're already here.,Adventure,Thriller,Science Fiction,,,US,,,,Steven Spielberg,,
18,The Suicide Squad,2021,https://boxd.it/23amPD,3.5,,2021-08-07,436969,en,https://image.tmdb.org/t/p/original'/kb4s0ML0iVZlG6wAKbbs9NAm6X.jpg,237.262,7.523,2021-07-28,168717425,132,They're dying to save the world.,Action,Comedy,Adventure,,,US,,,,James Gunn,,
19,Why Him?,2016,https://boxd.it/23biL5,,,2021-08-07,356305,en,https://image.tmdb.org/t/p/original'/eezFoKz7bXgdbjeieeCYJFXPKSu.jpg,25.314,6.371,2016-12-22,118102725,111,Of all the guys his daughter could have chosen...,Comedy,,,,,US,,,,John Hamburg,,
20,The 40 Year Old Virgin,2005,https://boxd.it/23wgDv,4,Yes,2021-08-09,6957,en,https://image.tmdb.org/t/p/original'/mVeoqL37gzhMXQVpONi9DGOQ3tZ.jpg,41.913,6.398,2005-08-11,177400000,116,Better late than never.,Comedy,Romance,,,,US,,,,Judd Apatow,,
21,Tower Heist,2011,https://boxd.it/23NQYN,,Yes,2021-08-11,59108,en,https://image.tmdb.org/t/p/original'/1HcOyMODYZXnncMikfhYkw3x2ss.jpg,34.242,6.095,2011-11-02,152930623,104,It's not just a robbery. It's payback.,Action,Comedy,,,,US,,,,Brett Ratner,,
22,This Is 40,2012,https://boxd.it/23NRX7,,Yes,2021-08-11,89492,en,https://image.tmdb.org/t/p/original'/mzUuOIFoVkRTHACRb58vm6mkbBN.jpg,34.269,5.873,2012-12-20,88200000,134,The sort-of sequel to 'Knocked Up',Comedy,,,,,US,,,,Judd Apatow,,
23,Ant-Man,2015,https://boxd.it/23TsE7,3,Yes,2021-08-12,102899,en,https://image.tmdb.org/t/p/original'/rQRnQfUl3kfp78nCWq8Ks04vnq1.jpg,76.381,7.078,2015-07-14,519311965,117,Heroes don't get any bigger.,Science Fiction,Action,Adventure,,,US,,,,Peyton Reed,,
24,Snatch,2000,https://boxd.it/23Vgn3,4,Yes,2021-08-12,107,en,https://image.tmdb.org/t/p/original'/56mOJth6DJ6JhgoE2jtpilVqJO.jpg,83.611,7.811,2000-09-01,83600000,103,Stealin' stones and breakin' bones.,Crime,Comedy,,,,GB,,,,Guy Ritchie,,
25,Birds of Prey (and the Fantabulous Emancipation of One Harley Quinn),2020,https://boxd.it/242wMR,3.5,,2021-08-13,495764,en,https://image.tmdb.org/t/p/original'/h4VB6m0RwcicVEZvzftYZyKXs6K.jpg,62.967,6.928,2020-02-05,205537933,109,Mind Over Mayhem,Action,Crime,,,,US,,,,Cathy Yan,,
26,The Dark Knight,2008,https://boxd.it/241C5x,5,Yes,2021-08-13,155,en,https://image.tmdb.org/t/p/original'/qJ2tW6WMUDux911r6m7haRef0WH.jpg,112.942,8.515,2008-07-16,1004558444,152,Welcome to a world without rules.,Drama,Action,Crime,Thriller,,US,,,,Christopher Nolan,,
27,The Big Short,2015,https://boxd.it/24Oanr,3.5,Yes,2021-08-18,318846,en,https://image.tmdb.org/t/p/original'/isuQWbJPbjybBEWdcCaBUPmU0XO.jpg,35.168,7.354,2015-12-11,133346506,131,This is a true story.,Comedy,Drama,,,,US,,,,Adam McKay,,
28,The Girl Next Door,2004,https://boxd.it/24UxEn,2.5,,2021-08-19,10591,en,https://image.tmdb.org/t/p/original'/5mVyFHSY2rSsNgD4NfEwV82HigU.jpg,49.792,6.722,2004-04-09,31635150,110,Matt never saw her coming... but all his friends had!,Comedy,Romance,,,,US,,,,Luke Greenfield,,
29,Serendipity,2001,https://boxd.it/24VrCn,3,Yes,2021-08-19,9778,en,https://image.tmdb.org/t/p/original'/srCE5lEIjVEG5eqWg9JcjZCK1aQ.jpg,26.301,6.931,2001-10-05,77516304,90,Sometimes True Love Can Have More Than One Face.,Comedy,Romance,Drama,,,US,,,,Peter Chelsom,,
30,That Thing Called Tadhana,2014,https://boxd.it/24VOPT,3.5,,2021-08-19,302104,tl,https://image.tmdb.org/t/p/original/fjzwktG6MWbuUQ80XXkdIXPC03G.jpg,6.451,6.2,2015-02-04,0,110,,Romance,,,,,PH,,,,Antoinette Jadaone,,
31,Arrival,2016,https://boxd.it/252p6D,5,Yes,2021-08-20,329865,en,https://image.tmdb.org/t/p/original'/pEzNVQfdzYDzVK0XqxERIw2x2se.jpg,374.666,7.602,2016-11-10,203388186,116,Why are they here?,Drama,Science Fiction,Mystery,,,US,,,,Denis Villeneuve,,
32,There's Something About Mary,1998,https://boxd.it/25aU87,,,2021-08-21,544,en,https://image.tmdb.org/t/p/original'/g03pwohXHOI75InM3zraiaEGguO.jpg,38.655,6.599,1998-07-15,369900000,119,Love is in the hair.,Romance,Comedy,,,,US,,,,Bobby Farrelly,Peter Farrelly,
33,Catch Me If You Can,2002,https://boxd.it/25kdUH,4,Yes,2021-08-22,640,en,https://image.tmdb.org/t/p/original'/ctjEj2xM32OvBXCq8zAdK3ZrsAj.jpg,65.658,7.976,2002-12-16,352114312,141,The true story of a real fake.,Drama,Crime,,,,US,,,,Steven Spielberg,,
34,Cast Away,2000,https://boxd.it/25VDD7,4,Yes,2021-08-22,8358,en,https://image.tmdb.org/t/p/original'/7lLJgKnAicAcR5UEuo8xhSMj18w.jpg,50.402,7.666,2000-12-22,429632142,143,"At the edge of the world, his journey begins.",Adventure,Drama,,,,US,,,,Robert Zemeckis,,
35,Maurice,1987,https://boxd.it/28D7qr,3.5,,2021-09-14,26371,en,https://image.tmdb.org/t/p/original'/4MI2y8XViPrDiKs1p0QC4bTeZzf.jpg,20.748,7.6,1987-09-18,2438304,140,A love story of unforgettable passion.,Drama,Romance,,,,GB,,,,James Ivory,,
36,How to Lose a Guy in 10 Days,2003,https://boxd.it/28KH7J,2.5,,2021-09-15,9919,en,https://image.tmdb.org/t/p/original'/2dlftyPz7mTYbrsPvTogyFmYd7d.jpg,37.121,6.786,2003-02-07,177500000,116,One of them is lying. So is the other.,Comedy,Romance,,,,US,,,,Donald Petrie,,
37,About Time,2013,https://boxd.it/28KEJ1,4.5,Yes,2021-09-15,122906,en,https://image.tmdb.org/t/p/original'/iR1bVfURbN7r1C46WHFbwCkVve.jpg,54.267,7.918,2013-09-04,87100449,123,What if every moment in life came with a second chance?,Drama,Romance,Fantasy,,,GB,,,,Richard Curtis,,
38,In Time,2011,https://boxd.it/28XBp9,2.5,Yes,2021-09-17,49530,en,https://image.tmdb.org/t/p/original'/3Mwj2sIONQckOZP3YwsUXF7U5I4.jpg,65.726,6.969,2011-10-27,173900000,109,Live forever or die trying.,Action,Thriller,Science Fiction,,,US,,,,Andrew Niccol,,
39,Upside Down,2012,https://boxd.it/29KRiV,2.5,Yes,2021-09-23,58244,en,https://image.tmdb.org/t/p/original'/2Td1nknvCcpc03EtgKULNH2PEjI.jpg,24.145,6.275,2012-09-27,22187813,104,Two worlds. One future.,Romance,Science Fiction,Drama,Fantasy,,US,CA,,,Juan Diego Solanas,,
40,Free Guy,2021,https://boxd.it/29Zd6l,3.5,,2021-09-25,550988,en,https://image.tmdb.org/t/p/original'/xmbU4JTUm8rsdtn7Y3Fcm30GpeT.jpg,247.828,7.509,2021-08-11,331500000,115,Life's too short to be a background character.,Comedy,Adventure,Science Fiction,,,US,,,,Shawn Levy,,
41,Jumper,2008,https://boxd.it/2btmo3,1.5,Yes,2021-10-05,8247,en,https://image.tmdb.org/t/p/original'/3pPZ9JhNz3VMmASVir5SMHvTDUU.jpg,45.117,6.146,2008-02-13,222231186,88,Anywhere is possible.,Action,Adventure,Science Fiction,,,CA,US,,,Doug Liman,,
42,The Other Woman,2014,https://boxd.it/2ebi6Z,2,,2021-10-23,193610,en,https://image.tmdb.org/t/p/original'/yHnbb6z8REuFIyBLT2Nj3MX54dY.jpg,26.094,6.421,2014-04-16,196800000,109,The oddest friends are about to get even,Comedy,Romance,,,,US,,,,Nick Cassavetes,,
43,The Lorax,2012,https://boxd.it/2f3crF,,Yes,2021-10-28,73723,en,https://image.tmdb.org/t/p/original'/tePFnZFw5JvjwjQjaKkqDPNMLPU.jpg,95.663,6.495,2012-03-01,349305397,86,Meet the original force of nature.,Animation,Family,,,,US,,,,Chris Renaud,,
44,Jurassic World,2015,https://boxd.it/2f3cwZ,,Yes,2021-10-28,135397,en,https://image.tmdb.org/t/p/original'/A0LZHXUzo5C60Oahvt7VxvwuzHw.jpg,92.888,6.688,2015-06-06,1671537444,124,The park is open.,Action,Adventure,Science Fiction,Thriller,,US,,,,Colin Trevorrow,,
45,Meet Joe Black,1998,https://boxd.it/2fc4sN,3,,2021-10-29,297,en,https://image.tmdb.org/t/p/original'/fDPAjvfPMomkKF7cMRmL5Anak61.jpg,63.042,7.334,1998-11-12,142940100,178,Sooner or later everyone does.,Fantasy,Drama,Romance,,,US,,,,Martin Brest,,
46,Fight Club,1999,https://boxd.it/2faN85,5,Yes,2021-10-29,550,en,https://image.tmdb.org/t/p/original'/pB8BM7pdSp6B6Ih7QZ4DrQ3PmJK.jpg,248.782,8.441,1999-10-15,100853753,139,Mischief. Mayhem. Soap.,Drama,,,,,US,,,,David Fincher,,
47,Blade Runner 2049,2017,https://boxd.it/2facRx,3.5,,2021-10-29,335984,en,https://image.tmdb.org/t/p/original'/gajva2L0rPYkEWjzgFlBXCAVBE5.jpg,112.801,7.56,2017-10-04,259239658,164,The key to the future is finally unearthed.,Science Fiction,Drama,,,,US,,,,Denis Villeneuve,,
48,Mr. & Mrs. Smith,2005,https://boxd.it/2fjopD,3,,2021-10-30,787,en,https://image.tmdb.org/t/p/original'/wzIO3ytxeSNt1wRpXLIdkNbGoDm.jpg,50.512,6.683,2005-06-07,487300000,119,'Til death do us part.,Action,Comedy,Drama,Thriller,,US,,,,Doug Liman,,
49,Train to Busan,2016,https://boxd.it/2fjpxN,4,,2021-10-30,396535,ko,https://image.tmdb.org/t/p/original'/vNVFt6dtcqnI7hqa6LFBUibuFiw.jpg,87.514,7.753,2016-07-20,87547518,118,Life-or-death survival begins.,Horror,Thriller,Action,Adventure,,KR,,,,Yeon Sang-ho,,
50,Downsizing,2017,https://boxd.it/2fks8t,2,,2021-10-30,301337,en,https://image.tmdb.org/t/p/original'/5bNzInSSAXfr0MFlHfb4IoQePVx.jpg,279.498,5.35,2017-12-22,55003890,135,We are meant for something bigger.,Drama,Science Fiction,,,,US,,,,Alexander Payne,,
51,Corpse Bride,2005,https://boxd.it/2fv4bv,3,,2021-10-31,3933,en,https://image.tmdb.org/t/p/original'/isb2Qow76GpqYmsSyfdMfsYAjts.jpg,77.935,7.553,2005-09-12,118133252,77,There's been a grave misunderstanding.,Romance,Fantasy,Animation,,,US,,,,Mike Johnson,Tim Burton,
52,Miss Congeniality,2000,https://boxd.it/2fGY8T,,,2021-11-01,1493,en,https://image.tmdb.org/t/p/original'/q1m9ME0zvncnFDmKXC43RqZr8mU.jpg,27.053,6.523,2000-12-22,212000000,111,Unpolished. Unkempt. Unleashed. Undercover.,Comedy,Crime,Action,,,US,,,,Donald Petrie,,
53,The Cabin in the Woods,2011,https://boxd.it/2hL9dV,4.5,Yes,2021-11-14,22970,en,https://image.tmdb.org/t/p/original/kjDXrK3ReIwuDrpWElI5OQkKYTA.jpg,41.952,6.619,2012-04-12,71000000,95,You think you know the story.,Horror,Mystery,Thriller,,,US,,,,Drew Goddard,,
54,Nightcrawler,2014,https://boxd.it/2hM8xR,5,,2021-11-14,242582,en,https://image.tmdb.org/t/p/original'/j9HrX8f7GbZQm1BrBiR40uFQZSb.jpg,60.717,7.707,2014-10-23,50300000,118,The city shines brightest at night,Crime,Drama,Thriller,,,US,,,,Dan Gilroy,,
55,The Simpsons in Plusaversary,2021,https://boxd.it/2hXemd,0.5,,2021-11-15,877183,en,https://image.tmdb.org/t/p/original'/p5jzbffrXuBTjsiwrQ3aOMTrvCj.jpg,29.092,6.533,2021-11-12,0,4,,Animation,Comedy,Fantasy,,,US,,,,David Silverman,,
56,Ciao Alberto,2021,https://boxd.it/2hXdnp,4.5,,2021-11-15,876716,en,https://image.tmdb.org/t/p/original'/9RKPB9IKDHaTxWQgjkS4IJao08a.jpg,29.361,7.4,2021-11-11,0,7,They go together like pasta and pesto.,Animation,Comedy,Family,Fantasy,,US,,,,McKenna Jean Harris,,
57,The Irishman,2019,https://boxd.it/2i6e1n,4,,2021-11-16,398978,en,https://image.tmdb.org/t/p/original'/mbm8k3GFhXS0ROd9AD1gqYbIFbM.jpg,243.601,7.6,2019-11-01,968853,209,His story changed history,Crime,Drama,History,,,US,,,,Martin Scorsese,,
58,Dune,2021,https://boxd.it/2iw7wP,3.5,,2021-11-19,438631,en,https://image.tmdb.org/t/p/original'/d5NXSklXo0qyIYkgV94XAgMIckC.jpg,486.363,7.781,2021-09-15,407573628,155,It begins.,Science Fiction,Adventure,,,,US,,,,Denis Villeneuve,,
59,Shang-Chi and the Legend of the Ten Rings,2021,https://boxd.it/2iR9X1,3.5,,2021-11-21,566525,en,https://image.tmdb.org/t/p/original'/1BIoJGKbXjdFDAqUEiA2VHqkK1Z.jpg,89.281,7.557,2021-09-01,432243292,132,You can't outrun your destiny.,Action,Adventure,Fantasy,,,US,,,,Destin Daniel Cretton,,
60,Venom: Let There Be Carnage,2021,https://boxd.it/2jinDj,3,,2021-11-24,580489,en,https://image.tmdb.org/t/p/original'/1MJNcPZy46hIy2CmSqOeru0yr5C.jpg,104.095,6.799,2021-09-30,506900000,97,,Science Fiction,Action,Adventure,,,US,,,,Andy Serkis,,
61,The Shawshank Redemption,1994,https://boxd.it/2l4KTp,5,Yes,2021-12-06,278,en,https://image.tmdb.org/t/p/original'/9cqNxx0GxF0bflZmeSMuL5tnGzr.jpg,140.63,8.7,1994-09-23,28341469,142,Fear can hold you prisoner. Hope can set you free.,Drama,Crime,,,,US,,,,Frank Darabont,,
62,Eternals,2021,https://boxd.it/2mhenV,2.5,,2021-12-14,524434,en,https://image.tmdb.org/t/p/original'/lFByFSLV5WDJEv3KabbdAF959F2.jpg,61.493,6.88,2021-11-03,402064899,156,In the beginning...,Science Fiction,Action,Adventure,,,US,,,,Chloé Zhao,,
63,Spider-Man,2002,https://boxd.it/2oBpxb,,Yes,2021-12-24,557,en,https://image.tmdb.org/t/p/original'/gh4cZbhZxyTbgxQPxD0dOudNPTn.jpg,113.501,7.296,2002-05-01,821708551,121,Go for the ultimate spin.,Action,Science Fiction,,,,US,,,,Sam Raimi,,
64,Spider-Man 2,2004,https://boxd.it/2oBpP5,,Yes,2021-12-25,558,en,https://image.tmdb.org/t/p/original'/olxpyq9kJAZ2NU1siLshhhXEPR7.jpg,40.44,7.273,2004-06-25,788976453,127,There's a hero in all of us.,Action,Adventure,Science Fiction,,,US,,,,Sam Raimi,,
65,Spider-Man 3,2007,https://boxd.it/2oBqlb,,Yes,2021-12-26,559,en,https://image.tmdb.org/t/p/original'/qFmwhVUoUSXjkKRmca5yGDEXBIj.jpg,95.353,6.418,2007-05-01,894983373,139,The greatest battle lies within.,Action,Adventure,Science Fiction,,,US,,,,Sam Raimi,,
66,Chef,2014,https://boxd.it/2qTuMf,3.5,,2022-01-03,212778,en,https://image.tmdb.org/t/p/original'/yMtKHR6VG1Yagvv5F7IFpsGBm66.jpg,29.238,7.112,2014-05-08,45967935,114,Starting from scratch never tasted so good.,Comedy,,,,,US,,,,Jon Favreau,,
67,Howl's Moving Castle,2004,https://boxd.it/2rb5jj,3,,2022-01-04,4935,ja,https://image.tmdb.org/t/p/original'/6pZgH10jhpToPcf0uvyTCPFhWpI.jpg,108.841,8.409,2004-09-09,236049757,119,The two lived there.,Fantasy,Animation,Adventure,,,JP,,,,Hayao Miyazaki,,
68,Inglourious Basterds,2009,https://boxd.it/2rHls1,4.5,Yes,2022-01-06,16869,en,https://image.tmdb.org/t/p/original'/7sfbEnaARXDDhKm0CZ7D7uc2sbo.jpg,125.085,8.218,2009-08-02,321457747,153,A basterd's work is never done.,Drama,Thriller,War,,,US,,,,Quentin Tarantino,,
69,1917,2019,https://boxd.it/2soGCR,4,,2022-01-09,530915,en,https://image.tmdb.org/t/p/original'/iZf0KyrE25z1sage4SYFLCCrMi9.jpg,47.986,7.993,2019-12-25,394638258,119,Time is the enemy,War,Action,Drama,History,,US,,,,Sam Mendes,,
70,Romy and Michele's High School Reunion,1997,https://boxd.it/2tGHNV,5,,2022-01-14,9611,en,https://image.tmdb.org/t/p/original'/etg1pHDwJfWbr5XeOkVxErjBRld.jpg,21.115,6.206,1997-04-25,29235353,92,The Blonde Leading The Blonde.,Comedy,Romance,,,,US,,,,David Mirkin,,
71,Team Thor,2016,https://boxd.it/2tGPPF,,,2022-01-14,413279,en,https://image.tmdb.org/t/p/original'/jVSmX89BvsQV2z3wh2IVYVNVw1a.jpg,11.067,7.289,2016-08-28,0,3,,Comedy,Science Fiction,,,,US,,,,Taika Waititi,,
72,The Revenant,2015,https://boxd.it/2tVGYj,3.5,,2022-01-15,281957,en,https://image.tmdb.org/t/p/original'/tSaBkriE7TpbjFoQUFXuikoz0dF.jpg,49.08,7.532,2015-12-25,532950503,157,Blood lost. Life found.,Western,Drama,Adventure,,,US,,,,Alejandro González Iñárritu,,
73,Enemy,2013,https://boxd.it/2uLf35,3.5,,2022-01-18,181886,en,https://image.tmdb.org/t/p/original/coJzyPTkSp4RMRGdgE7pXmJbCiG.jpg,47.54,6.874,2014-03-14,3396726,91,You can't escape Yourself!,Thriller,Mystery,,,,CA,,,,Denis Villeneuve,,
74,Trixie Mattel: Moving Parts,2019,https://boxd.it/2uYUoz,4,Yes,2022-01-19,589367,en,https://image.tmdb.org/t/p/original'/dRP8bHtrV2lTITjSpFKptuqR2Gq.jpg,6.369,6.777,2019-04-25,0,92,,Documentary,,,,,US,,,,Nicholas Zeig-Owens,,
75,Edward Scissorhands,1990,https://boxd.it/2v9t9f,3,,2022-01-20,162,en,https://image.tmdb.org/t/p/original'/e0FqKFvGPdQNWG8tF9cZBtev9Em.jpg,63.739,7.717,1990-12-07,53000000,105,Innocence is what he knows. Beauty is what she sees.,Fantasy,Drama,Romance,,,US,,,,Tim Burton,,
76,Encanto,2021,https://boxd.it/2vj3NX,4,,2022-01-21,568124,en,https://image.tmdb.org/t/p/original'/4j0PNHkMr5ax3IA8tjtxcmPU3QT.jpg,135.294,7.605,2021-10-13,253000000,102,There's a little magic in all of us...almost all of us.,Animation,Comedy,Family,Fantasy,,US,,,,Byron Howard,Jared Bush,
77,The Silence of the Lambs,1991,https://boxd.it/2vzpv9,4,,2022-01-22,274,en,https://image.tmdb.org/t/p/original'/uS9m8OBk1A8eM9I042bx8XXpqAq.jpg,15.477,8.348,1991-02-14,272742922,119,To enter the mind of a killer she must challenge the mind of a madman.,Crime,Drama,Thriller,,,US,,,,Jonathan Demme,,
78,The Unholy,2021,https://boxd.it/2vyeRh,1,,2022-01-22,632357,en,https://image.tmdb.org/t/p/original'/bShgiEQoPnWdw4LBrYT5u18JF34.jpg,36.336,6.612,2021-03-31,30800000,99,Be careful who you pray to.,Horror,Mystery,,,,US,,,,Evan Spiliotopoulos,,
79,Spider-Man: No Way Home,2021,https://boxd.it/2zl0fj,4.5,,2022-02-10,634649,en,https://image.tmdb.org/t/p/original'/1g0dhYtq4irTY1GPXvft6k4YLjm.jpg,277.357,7.967,2021-12-15,1921847111,148,The Multiverse unleashed.,Action,Adventure,Science Fiction,,,US,,,,Jon Watts,,
80,Scream,2022,https://boxd.it/2zkXGL,4,,2022-02-11,646385,en,https://image.tmdb.org/t/p/original'/1m3W6cpgwuIyjtg5nSnPx7yFkXW.jpg,83.966,6.7,2022-01-12,137700000,114,It's always someone you know.,Horror,Mystery,Thriller,,,US,,,,Matt Bettinelli-Olpin,Tyler Gillett,
81,Call Me by Your Name,2017,https://boxd.it/2Ak2qb,4.5,Yes,2022-02-16,398818,en,https://image.tmdb.org/t/p/original'/mZ4gBdfkhP9tvLH1DO4m4HYtiyi.jpg,64.968,8.144,2017-07-28,43143046,132,Is it better to speak or die?,Romance,Drama,,,,US,,,,Luca Guadagnino,,
82,Moonfall,2022,https://boxd.it/2Jkscb,2,,2022-04-06,406759,en,https://image.tmdb.org/t/p/original'/odVv1sqVs0KxBXiA8bhIBlPgalx.jpg,74.829,6.329,2022-02-03,67300000,131,Humanity will face the dark side of the Moon.,Science Fiction,Adventure,Action,,,US,,,,Roland Emmerich,,
83,Death on the Nile,2022,https://boxd.it/2JksS7,2,,2022-04-06,505026,en,https://image.tmdb.org/t/p/original'/kVr5zIAFSPRQ57Y1zE7KzmhzdMQ.jpg,48.218,6.431,2022-02-09,137307235,127,Murder was just the beginning.,Mystery,Crime,Thriller,,,GB,US,,,Kenneth Branagh,,
84,Ratatouille,2007,https://boxd.it/2KuLkH,,Yes,2022-04-11,2062,en,https://image.tmdb.org/t/p/original'/t3vaWRPSf6WjDSamIkKDs1iQWna.jpg,114.424,7.82,2007-06-21,623726000,111,He's dying to become a chef.,Animation,Comedy,Family,Fantasy,,US,,,,Brad Bird,,
85,Don't Look Up,2021,https://boxd.it/2KPMZj,3.5,,2022-04-15,646380,en,https://image.tmdb.org/t/p/original'/th4E1yqsE8DGpAseLiUrI60Hf8V.jpg,146.458,7.102,2021-12-07,791863,138,Based on truly possible events.,Comedy,Science Fiction,Drama,,,US,,,,Adam McKay,,
86,Orphan,2009,https://boxd.it/2MxBhn,3.5,,2022-04-22,21208,en,https://image.tmdb.org/t/p/original'/lCGpOgoTOGLtZnBiGY9HRg5Xnjd.jpg,67.43,6.999,2009-07-24,77912251,122,There's something wrong with Esther.,Horror,Thriller,Mystery,,,CA,DE,US,FR,Jaume Collet-Serra,,
87,Gone Girl,2014,https://boxd.it/2O9tXZ,4,Yes,2022-05-03,210577,en,https://image.tmdb.org/t/p/original'/lv5xShBIDPe7m4ufdlV0IAc7Avk.jpg,86.689,7.892,2014-10-01,369300000,149,You don't know what you've got 'til it's...,Mystery,Thriller,Drama,,,US,,,,David Fincher,,
88,Clueless,1995,https://boxd.it/2P2FbX,4,,2022-05-08,9603,en,https://image.tmdb.org/t/p/original'/8AwVTcgpTnmeOs4TdTWqcFDXEsA.jpg,144.884,7.279,1995-07-19,56631572,97,Sex. Clothes. Popularity. Is there a problem here?,Comedy,Romance,Drama,,,US,,,,Amy Heckerling,,
89,All the Bright Places,2020,https://boxd.it/2PfeVl,2.5,,2022-05-09,342470,en,https://image.tmdb.org/t/p/original'/4SafxuMKQiw4reBiWKVZJpJn80I.jpg,30.328,7.652,2020-02-28,0,108,Live life at full brightness,Romance,Drama,,,,US,,,,Brett Haley,,
90,Doctor Strange in the Multiverse of Madness,2022,https://boxd.it/2Qf6fl,4,,2022-05-15,453395,en,https://image.tmdb.org/t/p/original'/9Gtg2DzBhmYamXBS1hKAhiwbBKS.jpg,111.825,7.304,2022-05-04,955775804,126,Enter a new dimension of Strange.,Fantasy,Action,Adventure,,,US,,,,Sam Raimi,,
91,Everything Everywhere All at Once,2022,https://boxd.it/2TaPOx,5,,2022-05-31,545611,en,https://image.tmdb.org/t/p/original'/w3LxiVYdWWRvEVdn5RYq6jIqkb1.jpg,75.851,7.791,2022-03-24,139200000,140,The universe is so much bigger than you realize.,Action,Adventure,Science Fiction,,,US,,,,Daniel Scheinert,Daniel Kwan,
92,The Sea Beast,2022,https://boxd.it/31SKKZ,4,,2022-07-17,560057,en,https://image.tmdb.org/t/p/original'/9Zfv4Ap1e8eKOYnZPtYaWhLkk0d.jpg,40.263,7.37,2022-06-24,0,119,Hit the high seas.,Animation,Adventure,Family,Fantasy,,US,,,,Chris Williams,,
93,The Impossible,2012,https://boxd.it/326Nrf,4,,2022-07-17,80278,en,https://image.tmdb.org/t/p/original'/1kBYwWu24QKf47mumWEIAzo5tIu.jpg,33.344,7.368,2012-09-09,198100000,113,Nothing is more powerful than the human spirit.,Adventure,Drama,Thriller,,,ES,US,,,J. A. Bayona,,
94,Thor: Love and Thunder,2022,https://boxd.it/34jLTF,2,,2022-07-27,616037,en,https://image.tmdb.org/t/p/original'/pIkRyD18kl4FhoCNQuWxWu5cBLM.jpg,202.281,6.466,2022-07-06,760900000,119,The one is not the only.,Fantasy,Action,Comedy,,,US,,,,Taika Waititi,,
95,What We Do in the Shadows,2014,https://boxd.it/34wjQT,4,,2022-07-28,246741,en,https://image.tmdb.org/t/p/original'/a2rD3i3DBMeYbA34rBv6z3B9S3a.jpg,23.531,7.573,2014-06-19,6300000,86,Some interviews with some vampires,Comedy,Horror,,,,NZ,,,,Jemaine Clement,Taika Waititi,
96,The Witch,2015,https://boxd.it/36CDpN,4,,2022-08-07,310131,en,https://image.tmdb.org/t/p/original/zap5hpFCWSvdWSuPGAQyjUv2wAC.jpg,51.777,6.953,2016-02-19,40423945,92,Evil takes many forms.,Horror,Mystery,Drama,,,US,,,,Robert Eggers,,
97,The Billionaire,2011,https://boxd.it/37ENu7,3,,2022-08-12,77094,th,https://image.tmdb.org/t/p/original'/gjolEycpddEirN0Tui92Zglprhb.jpg,9.702,7.3,2011-10-20,0,124,Never too young to become… the billionaire.,Drama,,,,,TH,,,,Songyos Sugmakanan,,
98,Prometheus,2012,https://boxd.it/3a5PjR,3.5,,2022-08-24,70981,en,https://image.tmdb.org/t/p/original'/m7nZCtHJyDLncBUarfM5h5mrppx.jpg,227.437,6.552,2012-05-30,403354469,124,The search for our beginning could lead to our end.,Science Fiction,Adventure,Mystery,,,US,GB,,,Ridley Scott,,
99,Alien: Covenant,2017,https://boxd.it/3ah1yr,3,,2022-08-25,126889,en,https://image.tmdb.org/t/p/original'/zecMELPbU5YMQpC81Z8ImaaXuf9.jpg,364.891,6.111,2017-05-09,240891763,122,The path to paradise begins in hell.,Science Fiction,Horror,Mystery,,,US,,,,Ridley Scott,,
100,Cloverfield,2008,https://boxd.it/3bK1et,2.5,Yes,2022-09-02,7191,en,https://image.tmdb.org/t/p/original'/qIegUGJqyMMCRjkKV1s7A9MqdJ8.jpg,86.436,6.684,2008-01-15,170764026,85,Some thing has found us.,Action,Thriller,Science Fiction,,,US,,,,Matt Reeves,,
101,Juno,2007,https://boxd.it/3c92Mr,5,,2022-09-04,7326,en,https://image.tmdb.org/t/p/original'/jNIn2tVhpvFD6P9IojldI3mNYcn.jpg,39.163,7.054,2007-12-05,232372681,96,A comedy about growing up… and the bumps along the way.,Comedy,Drama,Romance,,,US,,,,Jason Reitman,,
102,Alien,1979,https://boxd.it/3cl8an,4,,2022-09-05,348,en,https://image.tmdb.org/t/p/original'/vfrQk5IPloGg1v9Rzbh2Eg3VGyM.jpg,417.155,8.154,1979-05-25,104931801,117,"In space, no one can hear you scream.",Horror,Science Fiction,,,,GB,US,,,Ridley Scott,,
103,Ghost,1990,https://boxd.it/3d1QIH,4,,2022-09-09,251,en,https://image.tmdb.org/t/p/original'/w9RaPHov8oM5cnzeE27isnFMsvS.jpg,80.115,7.212,1990-07-13,505000000,127,"Before Sam was murdered, he told Molly he'd love and protect her forever.",Fantasy,Drama,Thriller,Mystery,Romance,US,,,,Jerry Zucker,,
104,The Perks of Being a Wallflower,2012,https://boxd.it/3dQ8ev,,Yes,2022-09-13,84892,en,https://image.tmdb.org/t/p/original'/aKCvdFFF5n80P2VdS7d8YBwbCjh.jpg,44.459,7.792,2012-09-20,33400000,103,We are infinite.,Drama,,,,,US,,,,Stephen Chbosky,,
105,The Notebook,2004,https://boxd.it/3eFIC1,,Yes,2022-09-18,11036,en,https://image.tmdb.org/t/p/original'/rNzQyW4f8B8cQeg7Dgj3n6eT5k9.jpg,72.95,7.888,2004-06-25,115600000,123,Behind every great love is a great story.,Romance,Drama,,,,US,,,,Nick Cassavetes,,
106,Her,2013,https://boxd.it/3eWoCJ,3,,2022-09-19,152601,en,https://image.tmdb.org/t/p/original'/lEIaL12hSkqqe83kgADkbUqEnvk.jpg,162.11,7.857,2013-12-18,47351251,126,A Spike Jonze love story.,Romance,Science Fiction,Drama,,,US,,,,Spike Jonze,,
107,The Terminal,2004,https://boxd.it/3jPOn7,3,,2022-10-13,594,en,https://image.tmdb.org/t/p/original'/pXNomqKcKXAQbuWxehb2N3XFKfn.jpg,50.18,7.341,2004-06-17,219417255,128,Life is waiting.,Comedy,Drama,,,,US,,,,Steven Spielberg,,
108,Can You Keep a Secret?,2019,https://boxd.it/3mBbDJ,0.5,,2022-10-26,537739,en,https://image.tmdb.org/t/p/original'/7QtCOlHESPEYtFANmd4yLqsYKZ4.jpg,21.822,6.455,2019-09-13,1400000,94,The pitfalls and pleasures of telling the truth,Romance,Comedy,,,,US,,,,Elise Duran,,
109,The Interview,2014,https://boxd.it/3mKUHp,4,,2022-10-27,228967,en,https://image.tmdb.org/t/p/original'/tIDC4xT65l7a8qbgg8GvwD5g8c5.jpg,58.081,6.186,2014-12-25,12342632,113,The Film Hackers Tried To Get Banned,Action,Comedy,,,,US,,,,Evan Goldberg,Seth Rogen,
110,Wanted,2008,https://boxd.it/3qK6ph,,,2022-11-14,8909,en,https://image.tmdb.org/t/p/original'/9ajbORY7zQrdxlMF2QPfIqTLfg7.jpg,41.432,6.518,2008-06-19,342463063,110,Choose your destiny.,Action,Thriller,Crime,,,DE,US,,,Timur Bekmambetov,,
111,The Guardians of the Galaxy Holiday Special,2022,https://boxd.it/4PgaGT,4,,2022-12-01,774752,en,https://image.tmdb.org/t/p/original'/8dqXyslZ2hv49Oiob9UjlGSHSTR.jpg,36.023,7.172,2022-11-25,0,45,The perfect present is a galaxy away.,Comedy,Science Fiction,Adventure,,,US,,,,James Gunn,,
112,Me Before You,2016,https://boxd.it/4PgaH3,3,Yes,2022-12-05,296096,en,https://image.tmdb.org/t/p/original'/Ia3dzj5LnCj1ZBdlVeJrbKJQxG.jpg,122.319,7.926,2016-06-01,207945075,110,Live boldly.,Drama,Romance,,,,US,,,,Thea Sharrock,,
113,A Star Is Born,2018,https://boxd.it/4PgaHd,5,,2022-12-08,332562,en,https://image.tmdb.org/t/p/original'/wrFpXMNBRj2PBiN4Z5kix51XaIZ.jpg,46.98,7.501,2018-10-03,433888866,136,,Music,Drama,Romance,,,US,,,,Bradley Cooper,,
114,District 9,2009,https://boxd.it/4PgaHn,2,,2022-12-15,17654,en,https://image.tmdb.org/t/p/original'/tuGlQkqLxnodDSk6mp5c2wvxUEd.jpg,44.943,7.441,2009-08-05,210800000,112,You are not welcome here.,Science Fiction,,,,,US,,,,Neill Blomkamp,,
115,The Hateful Eight,2015,https://boxd.it/4PgaHx,4,,2022-12-17,273248,en,https://image.tmdb.org/t/p/original'/jIywvdPjia2t3eKYbjVTcwBQlG8.jpg,41.872,7.75,2015-12-25,155760117,188,No one comes up here without a damn good reason.,Drama,Mystery,Western,,,US,,,,Quentin Tarantino,,
116,Guillermo del Toro's Pinocchio,2022,https://boxd.it/4PgaHH,4,,2022-12-19,555604,en,https://image.tmdb.org/t/p/original'/vx1u0uwxdlhV2MUzj4VlcMB0N6m.jpg,40.223,8.113,2022-10-22,0,117,Love will give you life.,Animation,Fantasy,Drama,Family,,US,,,,Guillermo del Toro,Mark Gustafson,
117,Glass Onion: A Knives Out Mystery,2022,https://boxd.it/4PgaHR,5,,2022-12-31,661374,en,https://image.tmdb.org/t/p/original'/vDGr1YdrlfbU9wxTOdpf3zChmv9.jpg,112.331,7.048,2022-11-12,13280000,140,"When the game ends, the mystery begins.",Comedy,Crime,Mystery,,,US,,,,Rian Johnson,,
118,White Noise,2022,https://boxd.it/4PgaI1,3.5,,2023-01-01,744594,en,https://image.tmdb.org/t/p/original'/1a48bfLQm57ByADdw05uRMoFCZc.jpg,17.551,5.577,2022-11-25,71476,136,You can’t hear it if it's everywhere.,Comedy,Drama,,,,US,,,,Noah Baumbach,,
119,It's a Wonderful Life,1946,https://boxd.it/4PgaIb,3.5,,2023-01-06,1585,en,https://image.tmdb.org/t/p/original'/bSqt9rhDZx1Q7UZ86dBPKdNomp2.jpg,42.03,8.271,1946-12-20,9644124,130,It's a wonderful laugh! It's a wonderful love!,Drama,Family,Fantasy,,,US,,,,Frank Capra,,
120,A Quiet Place Part II,2020,https://boxd.it/4PgaIl,3.5,,2023-01-08,520763,en,https://image.tmdb.org/t/p/original/4q2hz2m8hubgvijz8Ez0T2Os2Yv.jpg,88.438,7.492,2021-05-21,297400000,96,Silence is not enough.,Science Fiction,Thriller,Horror,,,US,,,,John Krasinski,,
121,Manchester by the Sea,2016,https://boxd.it/4PgaIv,4.5,,2023-01-11,334541,en,https://image.tmdb.org/t/p/original'/e8daDzP0vFOnGyKmve95Yv0D0io.jpg,111.927,7.546,2016-11-18,79000000,138,,Drama,,,,,US,,,,Kenneth Lonergan,,
122,10 Things I Hate About You,1999,https://boxd.it/4PgaIF,3.5,,2023-01-11,4951,en,https://image.tmdb.org/t/p/original'/ujERk3aKABXU3NDXOAxEQYTHe9A.jpg,55.382,7.588,1999-03-30,53478166,97,How do I loathe thee? Let me count the ways.,Comedy,Romance,Drama,,,US,,,,Gil Junger,,
123,The Shape of Water,2017,https://boxd.it/4PgaIP,4.5,,2023-01-14,399055,en,https://image.tmdb.org/t/p/original'/9zfwPffUXpBrEP26yp0q1ckXDcj.jpg,99.969,7.247,2017-12-01,195300000,123,A Fairy Tale for Troubled Times,Drama,Fantasy,Romance,,,US,,,,Guillermo del Toro,,
124,Okja,2017,https://boxd.it/4PgaIZ,3,,2023-01-14,387426,en,https://image.tmdb.org/t/p/original'/pHlRr2MfjK77VIIAO7p0R4jhsJI.jpg,153.445,7.37,2017-06-28,0,122,,Adventure,Drama,Science Fiction,,,US,,,,Bong Joon-ho,,
125,The Hatchet Wielding Hitchhiker,2023,https://boxd.it/4PgaJ9,2,,2023-01-15,1061117,en,https://image.tmdb.org/t/p/original'/kqLloC5n66fLvhlWtZBr8h4SVF6.jpg,9.482,6.189,2023-01-10,0,87,,Documentary,Crime,,,,US,,,,Colette Camden,,
126,Ingrid Goes West,2017,https://boxd.it/4PgaJj,2.5,,2023-01-15,411741,en,https://image.tmdb.org/t/p/original'/3LEyW11onDltXHo0L1X23j9Nnvg.jpg,22.448,6.433,2017-08-11,24931915,97,She'll follow you.,Comedy,Drama,,,,US,,,,Matt Spicer,,
127,Oldboy,2003,https://boxd.it/4PgaJt,4.5,,2023-01-15,670,ko,https://image.tmdb.org/t/p/original'/pWDtjs568ZfOTMbURQBYuT4Qxka.jpg,48.538,8.256,2003-11-21,17500000,120,"Laugh, and the world laughs with you. Weep, and you weep alone.",Drama,Thriller,Mystery,Action,,KR,,,,Park Chan-wook,,
128,Swiss Army Man,2016,https://boxd.it/4PgaJX,4,,2023-01-16,347031,en,https://image.tmdb.org/t/p/original'/8pxn8CQ6SD6tly75lrKw08wfZKv.jpg,23.563,6.929,2016-06-24,5800000,97,We all need somebody to lean on.,Comedy,Drama,Romance,Fantasy,Adventure,US,,,,Daniel Scheinert,Daniel Kwan,
129,Tom of Finland,2017,https://boxd.it/4PgaJD,5,,2023-01-16,405204,fi,https://image.tmdb.org/t/p/original'/9I1qNliGbbfKoZleqSHB9wV8kku.jpg,12.861,6.7,2017-02-24,1792414,116,They called it filth. It became a revolution.,Drama,,,,,FI,,,,Dome Karukoski,,
130,The Lighthouse,2019,https://boxd.it/4PgaK7,4,,2023-01-17,503919,en,https://image.tmdb.org/t/p/original'/3nk9UoepYmv1G9oP18q6JJCeYwN.jpg,33.989,7.515,2019-10-18,18100000,109,"Keeping secrets, are ye?",Drama,Fantasy,Thriller,,,US,,,,Robert Eggers,,
131,Palm Springs,2020,https://boxd.it/4PgaKh,4,,2023-01-17,587792,en,https://image.tmdb.org/t/p/original'/yf5IuMW6GHghu39kxA0oFx7Bxmj.jpg,105.328,7.331,2020-07-10,164000,90,Live like there's no tomorrow,Comedy,Romance,Science Fiction,,,US,,,,Max Barbakow,,
132,Kill Bill: Vol. 2,2004,https://boxd.it/4PgaKr,3.5,Yes,2023-01-18,393,en,https://image.tmdb.org/t/p/original'/2yhg0mZQMhDyvUQ4rG1IZ4oIA8L.jpg,50.541,7.879,2004-04-16,152159461,136,The bride is back for the final cut.,Action,Crime,Thriller,,,US,,,,Quentin Tarantino,,
133,Kill Bill: Vol. 1,2003,https://boxd.it/4PgaKB,3,Yes,2023-01-18,24,en,https://image.tmdb.org/t/p/original'/v7TaX8kXMXs5yFFGR41guUDNcnB.jpg,65.921,7.971,2003-10-10,180906076,111,A roaring rampage of revenge.,Action,Crime,,,,US,,,,Quentin Tarantino,,
134,The Boy in the Striped Pyjamas,2008,https://boxd.it/4PgaKL,2.5,,2023-01-18,14574,en,https://image.tmdb.org/t/p/original'/sLwYSEVVV3r047cjrpRAbGgNsfL.jpg,89.218,7.84,2008-05-07,20416563,94,"Lines may divide us, but hope will unite us.",Drama,War,History,,,GB,US,,,Mark Herman,,
135,Good Will Hunting,1997,https://boxd.it/4PgaKV,4,Yes,2023-01-19,489,en,https://image.tmdb.org/t/p/original'/bABCBKYBK7A5G1x0FzoeoNfuj2.jpg,280.486,8.156,1997-12-05,225900000,127,"Some people can never believe in themselves, until someone believes in them.",Drama,,,,,US,,,,Gus Van Sant,,
136,Coraline,2009,https://boxd.it/4PgaMH,3,,2023-01-20,14836,en,https://image.tmdb.org/t/p/original'/4jeFXQYytChdZYE9JYO7Un87IlW.jpg,132.641,7.87,2009-02-05,131800000,100,Be careful what you wish for.,Animation,Family,Fantasy,,,US,,,,Henry Selick,,
137,The Secret Life of Walter Mitty,2013,https://boxd.it/4PgaMR,3.5,Yes,2023-01-21,116745,en,https://image.tmdb.org/t/p/original'/tY6ypjKOOtujhxiSwTmvA4OZ5IE.jpg,48.404,7.2,2013-12-18,188133322,114,Stop dreaming. Start living.,Adventure,Comedy,Drama,Fantasy,,US,,,,Ben Stiller,,
138,Ex Machina,2015,https://boxd.it/4PgaN1,4.5,,2023-01-22,264660,en,https://image.tmdb.org/t/p/original'/aeJS3OXnp7d17QSoMdglZERwCkM.jpg,246.192,7.573,2015-01-21,36869414,108,There is nothing more human than the will to survive,Drama,Science Fiction,,,,GB,,,,Alex Garland,,
139,Blades of Glory,2007,https://boxd.it/4PgaNl,5,,2023-01-23,9955,en,https://image.tmdb.org/t/p/original'/yclY3zyzrL1MS9b6Eygs9ks0ZTY.jpg,23.549,6.1,2007-03-30,118200000,93,Kick Some Ice,Comedy,,,,,US,,,,Josh Gordon,Will Speck,
140,28 Days Later,2002,https://boxd.it/4PgaNb,0.5,,2023-01-23,170,en,https://image.tmdb.org/t/p/original'/sQckQRt17VaWbo39GIu0TMOiszq.jpg,49.81,7.214,2002-10-31,85700000,113,His fear began when he woke up alone. His terror began when he realised he wasn't.,Horror,Thriller,Science Fiction,,,GB,,,,Danny Boyle,,
141,Rope,1948,https://boxd.it/4PgaNv,4.5,,2023-01-24,1580,en,https://image.tmdb.org/t/p/original'/9ar6rxLDB8kagAnXZKn6h9smscr.jpg,28.64,7.956,1948-03-11,2200000,81,"It begins with a shriek...it ends with a shot! From beginning to end, nothing ever held you like Alfred Hitchcock's ROPE!",Thriller,Crime,Drama,,,US,,,,Alfred Hitchcock,,
142,Just Like Heaven,2005,https://boxd.it/4PgaNF,3,,2023-01-25,9007,en,https://image.tmdb.org/t/p/original'/2cLbyVNhEEaUJGg7rfbLtX6454I.jpg,32.895,6.946,2005-09-16,102900000,95,It's a wonderful afterlife.,Drama,Comedy,Romance,Fantasy,,US,,,,Mark Waters,,
143,Hacksaw Ridge,2016,https://boxd.it/4PgaNP,3.5,,2023-01-25,324786,en,https://image.tmdb.org/t/p/original'/wuz8TjCIWR2EVVMuEfBnQ1vuGS3.jpg,223.892,8.194,2016-10-07,175302354,139,One of the greatest heroes in American history never fired a bullet.,Drama,History,War,,,US,,,,Mel Gibson,,
144,Zoolander,2001,https://boxd.it/4PgaNZ,3,,2023-01-26,9398,en,https://image.tmdb.org/t/p/original'/qdrbSneHZjJG2Dj0hhBxzzAo4HB.jpg,26.194,6.2,2001-09-28,60800000,90,3% body fat. 1% brain activity.,Comedy,,,,,US,,,,Ben Stiller,,
145,Burn After Reading,2008,https://boxd.it/4PgaO9,4,,2023-01-27,4944,en,https://image.tmdb.org/t/p/original'/jdwSkQu3XirmX18MNj8CqFWsCk.jpg,29.224,6.65,2008-09-05,163700000,96,Intelligence is relative.,Comedy,Drama,,,,GB,US,,,Joel Coen,Ethan Coen,
146,The Devil Wears Prada,2006,https://boxd.it/4PgaOj,4,Yes,2023-01-28,350,en,https://image.tmdb.org/t/p/original'/8912AsVuS7Sj915apArUFbv6F9L.jpg,77.696,7.395,2006-06-29,326706115,109,Meet Andy Sachs. A million girls would kill to have her job. She's not one of them.,Drama,Comedy,,,,US,,,,David Frankel,,
147,The Intouchables,2011,https://boxd.it/4PgaOt,4.5,,2023-01-28,77338,fr,https://image.tmdb.org/t/p/original'/1QU7HKgsQbGpzsJbJK4pAVQV9F5.jpg,52.244,8.3,2011-11-02,426600000,113,Sometimes you have to reach into someone else's world to find out what's missing in your own.,Drama,Comedy,,,,FR,,,,Éric Toledano,Olivier Nakache,
148,Groundhog Day,1993,https://boxd.it/4PgaOD,3,Yes,2023-01-29,137,en,https://image.tmdb.org/t/p/original'/gCgt1WARPZaXnq523ySQEUKinCs.jpg,43.52,7.609,1993-02-11,71100000,101,He’s having the worst day of his life… Over and over again.,Romance,Fantasy,Drama,Comedy,,US,,,,Harold Ramis,,
149,Julie & Julia,2009,https://boxd.it/4PgaON,3,Yes,2023-01-29,24803,en,https://image.tmdb.org/t/p/original'/r1bFBBj3VMek0oEtgm9N51OqVjF.jpg,18.011,6.699,2009-08-06,129500000,123,Based on Two True Stories.,Romance,Drama,,,,US,,,,Nora Ephron,,
150,All Quiet on the Western Front,2022,https://boxd.it/4PgaP7,3,,2023-01-30,49046,de,https://image.tmdb.org/t/p/original'/2IRjbi9cADuDMKmHdLK7LaqQDKA.jpg,73.374,7.739,2022-10-07,0,147,,Drama,War,Action,,,DE,,,,Edward Berger,,
151,The Dictator,2012,https://boxd.it/4PgaOX,3.5,Yes,2023-01-30,76493,en,https://image.tmdb.org/t/p/original'/n0W7kajF4GFMRk2c0wWwMQqTaDM.jpg,32.909,6.19,2012-05-15,179400000,83,Make way for Aladeen.,Comedy,,,,,US,GB,,,Larry Charles,,
152,Monty Python and the Holy Grail,1975,https://boxd.it/4PgaPh,3.5,,2023-01-31,762,en,https://image.tmdb.org/t/p/original'/xZ0rC0kuIsjk6RncpNK73kwstEP.jpg,37.166,7.805,1975-03-14,5000000,91,And now! At Last! Another film completely different from some of the other films which aren't quite the same as this one is.,Adventure,Comedy,Fantasy,,,GB,,,,Terry Gilliam,Terry Jones,
153,"Girl, Interrupted",1999,https://boxd.it/4PgaPr,2.5,,2023-01-31,3558,en,https://image.tmdb.org/t/p/original'/dOBdatHIVppvmRFw2z7bf9VKJr9.jpg,39.543,7.6,1999-12-21,48350205,127,Sometimes the only way to stay sane is to go a little crazy.,Drama,,,,,US,,,,James Mangold,,
154,Life of Brian,1979,https://boxd.it/4PgaPB,3.5,,2023-02-02,583,en,https://image.tmdb.org/t/p/original'/lSSA64WF0M0BXnjwr2quMh6shCl.jpg,70.693,7.762,1979-08-17,20700000,94,He's not the messiah...he's just a naughty boy.,Comedy,,,,,GB,,,,Terry Jones,,
155,Don't Look Up,2021,https://boxd.it/4PgaPL,4,Yes,2023-02-03,646380,en,https://image.tmdb.org/t/p/original'/th4E1yqsE8DGpAseLiUrI60Hf8V.jpg,146.458,7.102,2021-12-07,791863,138,Based on truly possible events.,Comedy,Science Fiction,Drama,,,US,,,,Adam McKay,,
156,This Is the End,2013,https://boxd.it/4PgaPV,3.5,,2023-02-03,109414,en,https://image.tmdb.org/t/p/original'/7Wdc3etyBJA4432TYtz6n9GQd1c.jpg,39.249,6.222,2013-06-12,126041322,106,Nothing ruins a party like the end of the world.,Action,Comedy,,,,US,,,,Seth Rogen,Evan Goldberg,
157,Love Actually,2003,https://boxd.it/4PgaQf,3.5,Yes,2023-02-05,508,en,https://image.tmdb.org/t/p/original'/1ODdWLpyOnIVl0l67GrdaFDlJGf.jpg,97.194,7.116,2003-09-07,249600000,135,The ultimate romantic comedy.,Comedy,Romance,Drama,,,FR,US,GB,,Richard Curtis,,
158,Black Panther: Wakanda Forever,2022,https://boxd.it/4PgaQ5,4.5,,2023-02-05,505642,en,https://image.tmdb.org/t/p/original'/sv1xJUazXeYqALzczSZ3O6nkH75.jpg,250.057,7.127,2022-11-09,859102154,162,Forever.,Action,Adventure,Science Fiction,,,US,,,,Ryan Coogler,,
159,Mickey Blue Eyes,1999,https://boxd.it/4PgaQJ,2,,2023-02-06,10154,en,https://image.tmdb.org/t/p/original'/5nIqLKEhWdA2QpzyaI2sbsTPaxP.jpg,14.196,5.664,1999-08-16,54264342,102,A romantic comedy you can't refuse,Comedy,Crime,Romance,,,US,GB,,,Kelly Makin,,
160,Death Takes a Holiday,1934,https://boxd.it/4PgaS1,3.5,,2023-02-06,37215,en,https://image.tmdb.org/t/p/original'/becYmbZXZalAvxNC4JVpQSjvqtk.jpg,5.648,6.3,1934-03-30,0,79,HE LIVED FOR THREE DAYS...AND LOVED FOREVER!,Fantasy,Romance,Drama,,,US,,,,Mitchell Leisen,,
161,Marry Me,2022,https://boxd.it/4PgaQp,1.5,,2023-02-06,615904,en,https://image.tmdb.org/t/p/original'/ko1JVbGj4bT8IhCWqjBQ6ZtF2t.jpg,23.761,6.69,2022-02-09,44000000,112,Say yes.,Romance,Comedy,Music,,,US,,,,Kat Coiro,,
162,TÁR,2022,https://boxd.it/4PgaSl,4,,2023-02-07,817758,en,https://image.tmdb.org/t/p/original'/dRVAlaU0vbG6hMf2K45NSiIyoUe.jpg,26.752,7.106,2022-09-23,29000000,158,,Drama,Music,,,,US,,,,Todd Field,,
163,Ocean's Eight,2018,https://boxd.it/4PgaSb,2,,2023-02-07,402900,en,https://image.tmdb.org/t/p/original'/MvYpKlpFukTivnlBhizGbkAe3v.jpg,234.251,6.984,2018-06-07,297718711,111,Every con has its pros,Crime,Comedy,Action,,,US,,,,Gary Ross,,
164,The Meyerowitz Stories,2017,https://boxd.it/4PgaSv,3.5,,2023-02-08,396398,en,https://image.tmdb.org/t/p/original'/c9teDTgwxgnb7wnZjZo4oNcF80R.jpg,23.538,6.45,2017-10-13,0,112,,Comedy,Drama,,,,US,,,,Noah Baumbach,,
165,October Sky,1999,https://boxd.it/4PgaSF,4.5,,2023-02-09,13466,en,https://image.tmdb.org/t/p/original'/pBejcCxQ3WQW0cWmgjpFOoLWMuS.jpg,20.601,7.649,1999-02-19,34698685,108,Sometimes one dream is enough to light up the whole sky.,Drama,Family,,,,US,,,,Joe Johnston,,
166,"tick, tick... BOOM!",2021,https://boxd.it/4PgaSP,5,,2023-02-09,537116,en,https://image.tmdb.org/t/p/original'/DPmfcuR8fh8ROYXgdjrAjSGA0o.jpg,28.208,7.666,2021-11-11,0,115,How much time do we have to do something great?,Drama,Music,,,,US,,,,Lin-Manuel Miranda,,
167,Your Name Engraved Herein,2020,https://boxd.it/4PgaSZ,3.5,,2023-02-10,719410,zh,https://image.tmdb.org/t/p/original'/m3y8B4beaYjGltS7G2zltURfaUD.jpg,26.217,7.9,2020-09-30,0,114,Who is the one linger in your heart after all these years?,Romance,Drama,,,,TW,US,,,Kuang-Hui Liu,,
168,National Treasure,2004,https://boxd.it/4PgaT9,2,Yes,2023-02-13,2059,en,https://image.tmdb.org/t/p/original'/pxL6E4GBOPUG6CdkO9cUQN5VMwI.jpg,40.569,6.633,2004-11-19,347500000,131,"In order to break the code, one man will have to break all the rules.",Adventure,Action,Thriller,Mystery,,US,,,,Jon Turteltaub,,
169,Burning,2018,https://boxd.it/4PgaTj,4,,2023-02-14,813106,en,https://image.tmdb.org/t/p/original'/hxGv1O2W5SOJTmiBc45CL842mrx.jpg,0.781,6,2018-11-20,0,18,,,,,,,US,,,,VS Sanoj,,
170,Black Widow,2021,https://boxd.it/4PgaTt,3.5,,2023-02-19,497698,en,https://image.tmdb.org/t/p/original'/kwB7d51AIcyzPOBOHLCEZJkmPhQ.jpg,278.285,7.256,2021-07-07,379751131,134,Her world. Her secrets. Her legacy.,Action,Adventure,Science Fiction,,,US,,,,Cate Shortland,,
171,The Proposal,2009,https://boxd.it/4PgaTD,3.5,Yes,2023-02-19,18240,en,https://image.tmdb.org/t/p/original'/aEqtJDj8MvSDQwzggvcOfFTZMw.jpg,53.556,7.141,2009-06-01,317400000,108,Here comes the bribe...,Comedy,Romance,Drama,,,US,,,,Anne Fletcher,,
172,My Cousin Vinny,1992,https://boxd.it/4PgaTN,4,,2023-02-21,10377,en,https://image.tmdb.org/t/p/original'/z5RexWgSjQxa008MkAmi6LLZbjq.jpg,29.583,7.501,1992-03-13,64088552,120,There have been many courtroom dramas that have glorified the Great American Legal System. This is not one of them.,Comedy,,,,,US,,,,Jonathan Lynn,,
173,Ant-Man and the Wasp: Quantumania,2023,https://boxd.it/4PgaTX,3,,2023-02-22,640146,en,https://image.tmdb.org/t/p/original'/qnqGbB22YJ7dSs4o6M7exTpNxPz.jpg,91.331,6.35,2023-02-15,476071180,125,Witness the beginning of a new dynasty.,Action,Adventure,Science Fiction,,,US,,,,Peyton Reed,,
174,Nope,2022,https://boxd.it/4PgaUh,4.5,,2023-02-24,762504,en,https://image.tmdb.org/t/p/original'/AcKVlWaNVVVFQwro3nLXqPljcYA.jpg,44.133,6.854,2022-07-20,170823080,130,What’s a bad miracle?,Horror,Science Fiction,Mystery,,,US,,,,Jordan Peele,,
175,Soul,2020,https://boxd.it/4PgaUr,5,Yes,2023-02-25,508442,en,https://image.tmdb.org/t/p/original'/hm58Jw4Lw8OIeECIq5qyPYhAeRJ.jpg,83.033,8.132,2020-12-25,121500000,101,Everybody has a soul. Joe Gardner is about to find his.,Animation,Family,Comedy,Fantasy,,US,,,,Pete Docter,,
176,Punch-Drunk Love,2002,https://boxd.it/4PgaUB,3,,2023-02-28,8051,en,https://image.tmdb.org/t/p/original'/vT2CXIsVKoGl0DZ8USwLWzEFznI.jpg,34.093,7.142,2002-10-11,24665649,96,I have a love in my life. It makes me stronger than anything you can imagine.,Romance,Drama,Comedy,,,US,,,,Paul Thomas Anderson,,
177,Grease,1978,https://boxd.it/4PgaUL,2.5,,2023-03-01,621,en,https://image.tmdb.org/t/p/original'/czVhhAaSBFpakur7U8pOIDV9NUG.jpg,297.896,7.4,1978-07-07,396271103,110,Grease is the word.,Romance,Comedy,,,,US,,,,Randal Kleiser,,
178,RED,2010,https://boxd.it/4PgaUV,1.5,Yes,2023-03-02,39514,en,https://image.tmdb.org/t/p/original'/8eeK3OB5PeSRQD7BpZcGZKkehG.jpg,35.068,6.698,2010-10-13,199000000,111,Still armed. Still dangerous. Still got it.,Action,Adventure,Comedy,Crime,Thriller,US,,,,Robert Schwentke,,
179,Cars 2,2011,https://boxd.it/4PgaV5,2.5,Yes,2023-03-05,49013,en,https://image.tmdb.org/t/p/original'/okIz1HyxeVOMzYwwHUjH2pHi74I.jpg,97.202,6.116,2011-06-11,559852396,106,Take a trip. See the sights. Save the world.,Animation,Family,Adventure,Comedy,,US,,,,John Lasseter,,
180,Kingsman: The Secret Service,2014,https://boxd.it/4PgaVf,4.5,Yes,2023-03-13,207703,en,https://image.tmdb.org/t/p/original'/r6q9wZK5a2K51KFj4LWVID6Ja1r.jpg,97.801,7.634,2014-12-13,414351546,129,Manners maketh man.,Crime,Comedy,Action,Adventure,,GB,,,,Matthew Vaughn,,
181,Kingsman: The Golden Circle,2017,https://boxd.it/4PgaVp,3.5,Yes,2023-03-14,343668,en,https://image.tmdb.org/t/p/original'/34xBL6BXNYFqtHO9zhcgoakS4aP.jpg,84.012,6.968,2017-09-20,410900000,141,A proper spy movie.,Action,Adventure,Comedy,,,GB,US,,,Matthew Vaughn,,
182,The Emperor's New Groove,2000,https://boxd.it/4PgaVJ,3,,2023-03-17,11688,en,https://image.tmdb.org/t/p/original'/wwbgkXQBEKtnyIJapk6gUgWkVw8.jpg,104.382,7.6,2000-12-15,169327687,78,It's all about... ME!,Adventure,Animation,Comedy,Family,Fantasy,US,,,,Mark Dindal,,
183,Onward,2020,https://boxd.it/4PgaW3,4.5,,2023-03-20,508439,en,https://image.tmdb.org/t/p/original'/f4aul3FyD3jv3v4bul1IrkWZvzq.jpg,48.361,7.696,2020-02-29,141940042,103,Their quest begineth.,Family,Animation,Adventure,Comedy,Fantasy,US,,,,Dan Scanlon,,
184,Nomadland,2020,https://boxd.it/4PgaWd,4,,2023-03-22,581734,en,https://image.tmdb.org/t/p/original/k5XzjWihzum1YgLMlqRDRZDmVMn.jpg,32.626,7.213,2021-01-29,14784114,108,,Drama,,,,,US,,,,Chloé Zhao,,
185,The Avengers,2012,https://boxd.it/4PgaWn,3.5,Yes,2023-03-24,24428,en,https://image.tmdb.org/t/p/original'/RYMX2wcKCBAr24UyPD7xwmjaTn.jpg,168.632,7.714,2012-04-25,1518815515,143,Some assembly required.,Science Fiction,Action,Adventure,,,US,,,,Joss Whedon,,
186,Die Beautiful,2016,https://boxd.it/4PgaXZ,3.5,,2023-03-26,418378,tl,https://image.tmdb.org/t/p/original'/fKsONTEt8vI4XOntWLm0gyrZ9h4.jpg,3.065,6.6,2016-12-25,4160000,120,A Glamorous Life Deserves a Fabulous Death.,Comedy,Drama,,,,PH,,,,Jun Robles Lana,,
187,Being John Malkovich,1999,https://boxd.it/4PgaY9,4,,2023-03-26,492,en,https://image.tmdb.org/t/p/original'/vKVUsumbCzK5Kn3aDpKM4EizKCA.jpg,28.584,7.412,1999-10-29,22863596,113,Ever wanted to be someone else? Now you can.,Comedy,Drama,Fantasy,,,US,,,,Spike Jonze,,
188,John Wick,2014,https://boxd.it/4PgaYj,3,Yes,2023-03-29,245891,en,https://image.tmdb.org/t/p/original'/fZPSd91yGE9fCcCe6OoQr6E3Bev.jpg,101.591,7.43,2014-10-22,88761661,101,Don't set him off.,Action,Thriller,,,,US,,,,Chad Stahelski,,
189,John Wick: Chapter 2,2017,https://boxd.it/4PgaYt,3.5,Yes,2023-03-31,324552,en,https://image.tmdb.org/t/p/original'/hXWBc0ioZP3cN4zCu6SN3YHXZVO.jpg,88.303,7.326,2017-02-08,171539887,122,Never stab the devil in the back.,Action,Thriller,Crime,,,US,,,,Chad Stahelski,,
190,The Gentlemen,2019,https://boxd.it/4PgaYD,3.5,,2023-04-01,522627,en,https://image.tmdb.org/t/p/original/jtrhTYB7xSrJxR1vusu99nvnZ1g.jpg,60.004,7.682,2020-01-01,115171795,113,Criminal. Class.,Action,Crime,Comedy,,,GB,,,,Guy Ritchie,,
191,John Wick: Chapter 3 - Parabellum,2019,https://boxd.it/4PgaYN,4,,2023-04-01,458156,en,https://image.tmdb.org/t/p/original'/ziEuG1essDuWuC5lpWUaw1uXY2O.jpg,84.665,7.441,2019-05-15,326709727,131,"If you want peace, prepare for war.",Action,Thriller,Crime,,,US,,,,Chad Stahelski,,
192,The Panti Sisters,2019,https://boxd.it/4PgaZ7,2,,2023-04-02,622327,tl,https://image.tmdb.org/t/p/original'/5G8nxJhvT9cUyrxLIvKleKqrA0g.jpg,5.52,5.1,2019-09-13,8727994,108,,Comedy,Drama,Romance,,,PH,,,,Jun Robles Lana,,
193,Heneral Luna,2015,https://boxd.it/4PgaZB,4.5,Yes,2023-04-03,359105,tl,https://image.tmdb.org/t/p/original'/vCwbsgkdzpgTADyaa3g4jaWVAaR.jpg,8.669,7.6,2015-09-09,0,118,Nation or self?,Comedy,Action,Drama,History,War,PH,,,,Jerrold Tarog,,
194,The Unbearable Weight of Massive Talent,2022,https://boxd.it/4PgaZr,4.5,,2023-04-03,648579,en,https://image.tmdb.org/t/p/original'/aqhLeieyTpTUKPOfZ3jzo2La0Mq.jpg,33.798,6.772,2022-04-20,29116320,107,Nicolas Cage is Nick Cage.,Action,Comedy,Crime,,,US,,,,Tom Gormican,,
195,Goyo: The Boy General,2018,https://boxd.it/4PgaZL,3.5,,2023-04-05,522449,tl,https://image.tmdb.org/t/p/original'/fZuIWrzsqoeVlyWBJIek8crGSFz.jpg,10.51,6.9,2018-09-05,0,155,Remember who you are,History,,,,,PH,,,,Jerrold Tarog,,
196,The Fabulous Filipino Brothers,2021,https://boxd.it/4Pgb05,1.5,,2023-04-08,644102,en,https://image.tmdb.org/t/p/original'/a2KwBZqjyhBmWFmifZWJS8UO2M1.jpg,2.354,6.5,2021-03-16,0,99,Love. Culture. Family.,Comedy,Romance,,,,US,PH,,,Dante Basco,,
197,Markova: Comfort Gay,2000,https://boxd.it/4Pgb0f,4.5,,2023-04-08,217428,tl,https://image.tmdb.org/t/p/original'/tQCfke11UF27R5klVHQlAicBqvh.jpg,4.11,6.3,2000-12-25,0,97,A Powerful Story About A Remarkable Man...,Comedy,Drama,War,,,PH,,,,Gil Portes,,
198,Pinoy Sunday,2009,https://boxd.it/4Pgb0z,4,,2023-04-08,48401,zh,https://image.tmdb.org/t/p/original'/v7Zrr7mLLASUpMWy47t8ppjB8Ca.jpg,1.107,4.5,2009-10-24,0,85,"One couch, two men a modest dream.",Comedy,Drama,,,,PH,TW,,,Wi Ding Ho,,
199,My 2 Mommies,2018,https://boxd.it/4Pgb0J,1,,2023-04-10,524132,tl,https://image.tmdb.org/t/p/original'/dfzclLGJJFJF9pNL47YvOekY2on.jpg,0.75,5.5,2018-05-09,0,102,,Comedy,,,,,PH,,,,Eric Quizon,,
200,Avatar: The Way of Water,2022,https://boxd.it/4Pgb0T,4,,2023-04-11,76600,en,https://image.tmdb.org/t/p/original'/t6HIqrRAclMCA60NsSmeqe9RmNV.jpg,253.176,7.625,2022-12-14,2320250281,192,I guess I blue myself…again,Science Fiction,Adventure,Action,,,US,,,,James Cameron,,
201,You Don't Mess with the Zohan,2008,https://boxd.it/4Pgb13,3,,2023-04-13,10661,en,https://image.tmdb.org/t/p/original'/gBhLQmpCPoKFMCGsulMbIFzrBID.jpg,51.465,5.706,2008-06-05,204313400,113,Lather. Rinse. Save the world.,Comedy,Action,,,,US,,,,Dennis Dugan,,
202,Stowaway,2021,https://boxd.it/4Pgb1d,3.5,,2023-04-17,559581,en,https://image.tmdb.org/t/p/original'/yOscLK7KzEPDdi1P8RmevGIjOSp.jpg,21.102,5.98,2021-06-24,0,117,"Millions of miles from home, survival comes with sacrifice.",Science Fiction,Drama,Thriller,Adventure,,GB,DE,US,,Joe Penna,,
203,Colossal,2016,https://boxd.it/4Pgb1n,1.5,,2023-04-20,339967,en,https://image.tmdb.org/t/p/original/4VOyofBd1pexblxtDZYtYIk7NI4.jpg,23.903,6.294,2017-04-06,3029287,109,There's a monster in all of us,Drama,Fantasy,Science Fiction,,,US,,,,Nacho Vigalondo,,
204,Dawn of the Planet of the Apes,2014,https://boxd.it/4Pgb1H,4,,2023-04-24,119450,en,https://image.tmdb.org/t/p/original'/kScdQEwS9jPEdnO23XjGAtaoRcT.jpg,364.89,7.323,2014-07-08,710644566,130,One last chance for peace.,Science Fiction,Action,Drama,Thriller,,US,,,,Matt Reeves,,
205,Rise of the Planet of the Apes,2011,https://boxd.it/4Pgb1R,4,,2023-04-24,61791,en,https://image.tmdb.org/t/p/original'/cjLsuP75UDlRdJVMXzXg3TJ4umX.jpg,259.367,7.318,2011-08-03,481800873,105,Evolution Becomes Revolution.,Thriller,Action,Drama,Science Fiction,,US,,,,Rupert Wyatt,,
206,War for the Planet of the Apes,2017,https://boxd.it/4Pgb1x,3.5,,2023-04-24,281338,en,https://image.tmdb.org/t/p/original'/mMA1qhBFgZX8O36qPPTC016kQl1.jpg,310.494,7.194,2017-07-11,490719763,140,For freedom. For family. For the planet.,Drama,Science Fiction,War,,,US,,,,Matt Reeves,,
207,Inception,2010,https://boxd.it/4Pgb21,4,Yes,2023-04-25,27205,en,https://image.tmdb.org/t/p/original'/oYuLEt3zVCKq57qu2F8dT7NIa6f.jpg,379.523,8.368,2010-07-15,825532764,148,Your mind is the scene of the crime.,Action,Science Fiction,Adventure,,,US,GB,,,Christopher Nolan,,
208,The Nice Guys,2016,https://boxd.it/4Pgb2b,4,,2023-04-25,290250,en,https://image.tmdb.org/t/p/original'/uXdQztKoAtx7UU3RvqeF52KsoQP.jpg,113.701,7.115,2016-05-15,62800000,116,They're not that nice.,Comedy,Crime,Action,,,US,,,,Shane Black,,
209,My Super Ex-Girlfriend,2006,https://boxd.it/4Pgb2l,1.5,Yes,2023-04-25,4474,en,https://image.tmdb.org/t/p/original'/vs4jcY5NQA24zFGihY2EiqEA5hI.jpg,26.202,5.101,2006-07-20,61108981,95,Hell hath no fury like a superwoman scorned.,Comedy,Science Fiction,Romance,,,US,,,,Ivan Reitman,,
210,Hunger,2023,https://boxd.it/4Pgb2v,3.5,,2023-04-26,1090501,en,https://image.tmdb.org/t/p/original'None,0.045,0,2023-01-01,0,2,,,,,,,US,,,,Chris Noon,,
211,Django Unchained,2012,https://boxd.it/4Pgb3X,4,Yes,2023-04-27,68718,en,https://image.tmdb.org/t/p/original'/7oWY8VDWW7thTzWh3OKYRkWUlD5.jpg,201.727,8.179,2012-12-25,425368238,165,"Life, liberty, and the pursuit of vengeance.",Drama,Western,,,,US,,,,Quentin Tarantino,,
212,Train to Busan,2016,https://boxd.it/4Pgb47,3,Yes,2023-04-30,396535,ko,https://image.tmdb.org/t/p/original'/vNVFt6dtcqnI7hqa6LFBUibuFiw.jpg,87.514,7.753,2016-07-20,87547518,118,Life-or-death survival begins.,Horror,Thriller,Action,Adventure,,KR,,,,Yeon Sang-ho,,
213,"I, Robot",2004,https://boxd.it/4Pgb4r,3,,2023-05-08,2048,en,https://image.tmdb.org/t/p/original'/efwv6F2lGaghjPpBRSINHtoEiZB.jpg,49.599,6.946,2004-07-15,347234916,115,One man saw it coming,Action,Science Fiction,,,,US,,,,Alex Proyas,,
214,Transformers,2007,https://boxd.it/4Pgb4B,2,Yes,2023-05-13,1858,en,https://image.tmdb.org/t/p/original'/1P7w3AImoEOWJX7nn3fdaKDfEQA.jpg,19.972,6.797,2007-06-27,709700000,144,Their war. Our world.,Adventure,Science Fiction,Action,,,US,,,,Michael Bay,,
215,The Intern,2015,https://boxd.it/4Pgb4V,3.5,,2023-05-18,257211,en,https://image.tmdb.org/t/p/original'/9UoAC9tu8kIyRy8AcJnGhnH0gOH.jpg,49.933,7.208,2015-09-23,194564672,121,Experience never gets old.,Comedy,,,,,US,,,,Nancy Meyers,,
216,Turning Red,2022,https://boxd.it/4Pgb4L,2.5,,2023-05-18,508947,en,https://image.tmdb.org/t/p/original'/qsdjk9oAKSQMWs0Vt5Pyfh6O4GZ.jpg,430.055,7.389,2022-03-10,21328962,100,Growing up is a beast.,Animation,Family,Comedy,Fantasy,,US,,,,Domee Shi,,
217,Borat Subsequent Moviefilm,2020,https://boxd.it/4Pgb55,4.5,,2023-05-21,740985,en,https://image.tmdb.org/t/p/original'/3L1Ml5RWjFVfVq3rQENvgFymT0U.jpg,59.854,6.462,2020-10-23,0,96,Delivery of prodigious bribe to American regime for make benefit once glorious nation of Kazakhstan.,Comedy,,,,,GB,US,,,Jason Woliner,,
218,Bullet Train,2022,https://boxd.it/4Pgb5f,5,,2023-05-23,718930,en,https://image.tmdb.org/t/p/original'/j8szC8OgrejDQjjMKSVXyaAjw3V.jpg,95.452,7.473,2022-08-03,239300000,126,The end of the line is just the beginning.,Action,Comedy,Thriller,,,US,,,,David Leitch,,
219,John Wick: Chapter 4,2023,https://boxd.it/4Pgb5p,3,,2023-05-29,603692,en,https://image.tmdb.org/t/p/original'/vZloFAK7NmvMGKE7VkF5UHaz0I.jpg,206.185,7.741,2023-03-22,440157245,170,"No way back, one way out.",Action,Thriller,Crime,,,US,,,,Chad Stahelski,,
220,Renfield,2023,https://boxd.it/4Pgb5z,3.5,,2023-06-01,649609,en,https://image.tmdb.org/t/p/original'/jG83l0tDwoQj3hBAioIsJ5rTPHw.jpg,40.402,6.564,2023-04-07,26400000,93,Sucks to be him.,Comedy,Horror,,,,US,,,,Chris McKay,,
221,The Little Mermaid,2023,https://boxd.it/4Pgb5J,3.5,,2023-06-05,447277,en,https://image.tmdb.org/t/p/original'/ym1dxyOk4jFcSl4Q2zmRrA5BEEN.jpg,122.962,6.38,2023-05-18,569600000,135,"Watch and you'll see, some day I'll be, part of your world!",Adventure,Family,Fantasy,Romance,,US,,,,Rob Marshall,,
222,Enola Holmes 2,2022,https://boxd.it/4Pgb5T,2.5,,2023-06-06,829280,en,https://image.tmdb.org/t/p/original'/tegBpjM5ODoYoM1NjaiHVLEA0QM.jpg,33.131,7.404,2022-11-30,0,129,Go Big. Go Holmes.,Adventure,Mystery,Crime,,,US,GB,,,Harry Bradbeer,,
223,Enola Holmes,2020,https://boxd.it/4Pgb63,3,,2023-06-06,497582,en,https://image.tmdb.org/t/p/original'/riYInlsq2kf1AWoGm80JQW5dLKp.jpg,32.116,7.286,2020-09-23,0,123,Mystery runs in the family.,Adventure,Mystery,Crime,,,US,,,,Harry Bradbeer,,
224,Rocky,1976,https://boxd.it/4Pgb6d,2.5,,2023-06-12,1366,en,https://image.tmdb.org/t/p/original'/cqxg1CihGR5ge0i1wYXr4Rdeppu.jpg,379.675,7.787,1976-11-20,225300000,120,His whole life was a million-to-one shot.,Drama,,,,,US,,,,John G. Avildsen,,
225,Before Sunrise,1995,https://boxd.it/4Pgb6H,5,,2023-06-21,76,en,https://image.tmdb.org/t/p/original'/kf1Jb1c2JAOqjuzA3H4oDM263uB.jpg,37.456,7.97,1995-01-27,5987386,101,Can the greatest romance of your life last only one night?,Drama,Romance,,,,US,,,,Richard Linklater,,
226,Before Midnight,2013,https://boxd.it/4Pgb6n,4,,2023-06-21,132344,en,https://image.tmdb.org/t/p/original'/qbGKJmNUroDz75kh5Oafoall89e.jpg,24.655,7.512,2013-04-05,11176469,109,Everything's better with maturity.,Romance,Drama,,,,US,,,,Richard Linklater,,
227,Before Sunset,2004,https://boxd.it/4Pgb6x,4.5,,2023-06-21,80,en,https://image.tmdb.org/t/p/original'/gycdE1ARByGQcK4fYR2mgpU6OO.jpg,25.623,7.819,2004-06-16,15992615,80,What if you had a second chance with the one that got away?,Drama,Romance,,,,US,,,,Richard Linklater,,
228,Desert Flower,2009,https://boxd.it/4Pgb6R,3.5,,2023-06-25,33997,en,https://image.tmdb.org/t/p/original'/xjeWO3QLyFZGnM7phfkOMINZ8Is.jpg,18.557,7.579,2009-09-24,14682943,120,The extraordinary true story of the woman who crossed the desert and changed the world.,Drama,,,,,AT,US,GB,,Sherry Hormann,,
229,The Lobster,2015,https://boxd.it/4Pgb71,3.5,,2023-07-01,254320,en,https://image.tmdb.org/t/p/original'/7Y9ILV1unpW9mLpGcqyGQU72LUy.jpg,121.678,7.047,2015-10-15,15700000,119,An unconventional love story...,Comedy,Drama,Romance,,,FR,IE,GB,,Yorgos Lanthimos,,
230,10 Cloverfield Lane,2016,https://boxd.it/4Pgb7b,4,Yes,2023-07-02,333371,en,https://image.tmdb.org/t/p/original'/84Dhwz93vCin6T1PX6ctSvWEuNE.jpg,109.248,6.989,2016-03-10,110216998,104,Monsters come in many forms.,Thriller,Science Fiction,Drama,Horror,,US,,,,Dan Trachtenberg,,
231,Snowden,2016,https://boxd.it/4Pgb7l,4,,2023-07-03,302401,en,https://image.tmdb.org/t/p/original'/yfK7zxNL63VWfluFuoUaJj5PdNw.jpg,22.388,7.103,2016-09-15,37357216,134,The only safe place is on the run.,Drama,History,Crime,Thriller,,US,,,,Oliver Stone,,
232,Spider-Man: Across the Spider-Verse,2023,https://boxd.it/4Pgb7v,4,,2023-07-04,569094,en,https://image.tmdb.org/t/p/original'/8Vt6mWEReuy4Of61Lnj5Xj704m8.jpg,206.57,8.363,2023-05-31,690615475,140,It's how you wear the mask that matters.,Animation,Action,Adventure,Science Fiction,,US,,,,Joaquim Dos Santos,Kemp Powers,Justin K. Thompson
233,Guardians of the Galaxy Vol. 3,2023,https://boxd.it/4Pgb7F,4.5,,2023-07-25,447365,en,https://image.tmdb.org/t/p/original'/r2J02Z2OpNTctfOSN1Ydgii51I3.jpg,144.132,7.973,2023-05-03,845600000,150,Once more with feeling.,Science Fiction,Adventure,Action,,,US,,,,James Gunn,,
234,Awakenings,1990,https://boxd.it/4Pgb7P,4,,2023-07-26,11005,en,https://image.tmdb.org/t/p/original'/9gztZXuHLG6AJ0fgqGd7Q43cWRI.jpg,55.529,7.764,1990-12-04,52096475,120,There is no such thing as a simple miracle.,Drama,,,,,US,,,,Penny Marshall,,
235,Confessions of a Shopaholic,2009,https://boxd.it/4Pgb89,2,,2023-07-30,20048,en,https://image.tmdb.org/t/p/original'/6DH1iP06fcpjD7tppsTwcAyZfDR.jpg,26.314,6.464,2009-02-05,108300000,104,All she ever wanted was a little credit...,Comedy,Romance,,,,US,,,,P.J. Hogan,,
236,Deadpool 2,2018,https://boxd.it/4Pgb97,3.5,Yes,2023-08-02,383498,en,https://image.tmdb.org/t/p/original'/to0spRl1CMDvyUbOnbb4fTk3VAd.jpg,319.123,7.5,2018-05-10,785896632,120,Prepare for the Second Coming.,Action,Comedy,Adventure,,,US,,,,David Leitch,,
237,Deadpool,2016,https://boxd.it/4Pgb9h,3.5,Yes,2023-08-02,293660,en,https://image.tmdb.org/t/p/original'/fSRb7vyIP8rQpL0I47P3qUsEKX3.jpg,427.085,7.613,2016-02-09,782837347,108,Feel the love.,Action,Adventure,Comedy,,,US,,,,Tim Miller,,
238,Uncut Gems,2019,https://boxd.it/4Pgb9r,3.5,,2023-08-05,473033,en,https://image.tmdb.org/t/p/original'/6XN1vxHc7kUSqNWtaQKN45J5x2v.jpg,239.839,7.2,2019-08-30,50023780,136,This is how I win.,Drama,Thriller,Crime,,,US,,,,Benny Safdie,Josh Safdie,
239,The Help,2011,https://boxd.it/4Pgb9B,3,,2023-08-20,50014,en,https://image.tmdb.org/t/p/original'/7XLSwxpfpPoJyTdJVot6a42TS2V.jpg,134.174,8.209,2011-08-09,216600000,146,Change begins with a whisper.,Drama,,,,,US,,,,Tate Taylor,,
240,Billionaire Boys Club,2018,https://boxd.it/4PiZHd,1,,2023-09-10,385360,en,https://image.tmdb.org/t/p/original'/7EpC1etIcUQxqPnBz0CpHLp3evv.jpg,16.811,5.688,2018-07-19,0,108,Young. Handsome. And cunning.,Drama,Thriller,,,,US,,,,James Cox,,
241,Spirited Away,2001,https://boxd.it/4QeiZT,5,,2023-09-13,129,ja,https://image.tmdb.org/t/p/original'/39wmItIWsg5sZMyRUHLkWBcuVCM.jpg,114.889,8.536,2001-07-20,274925095,125,,Animation,Family,Fantasy,,,JP,,,,Hayao Miyazaki,,
242,Before Sunrise,1995,https://boxd.it/4QtqL1,5,Yes,2023-09-14,76,en,https://image.tmdb.org/t/p/original'/kf1Jb1c2JAOqjuzA3H4oDM263uB.jpg,37.456,7.97,1995-01-27,5987386,101,Can the greatest romance of your life last only one night?,Drama,Romance,,,,US,,,,Richard Linklater,,
243,Barbie,2023,https://boxd.it/4QvGAx,4,,2023-09-14,346698,en,https://image.tmdb.org/t/p/original'/iuFNMS8U5cb6xfzi51Dbkovj7vM.jpg,480.566,7.1,2023-07-19,1445638421,114,She's everything. He's just Ken.,Comedy,Adventure,,,,US,,,,Greta Gerwig,,
244,The Menu,2022,https://boxd.it/4SEz25,4,,2023-09-22,593643,en,https://image.tmdb.org/t/p/original'/v31MsWhF9WFh7Qooq6xSBbmJxoG.jpg,100.063,7.184,2022-11-17,79628200,107,Painstakingly prepared. Brilliantly executed.,Comedy,Thriller,Horror,,,US,,,,Mark Mylod,,
245,Elemental,2023,https://boxd.it/4UZKVl,3.5,,2023-09-30,976573,en,https://image.tmdb.org/t/p/original'/4Y1WNkd88JXmGfhtWR7dmDAo1T2.jpg,208.861,7.66,2023-06-14,496000000,102,Opposites react.,Animation,Comedy,Family,Fantasy,Romance,US,,,,Peter Sohn,,
246,"Crazy, Stupid, Love.",2011,https://boxd.it/4Znf79,4,Yes,2023-10-13,50646,en,https://image.tmdb.org/t/p/original'/p4RafgAPk558muOjnBMHhMArjS2.jpg,45.931,7.257,2011-07-29,145079584,118,This is crazy. This is stupid. This is love.,Comedy,Drama,Romance,,,US,,,,Glenn Ficarra,John Requa,
247,Superbad,2007,https://boxd.it/50ur4f,4,Yes,2023-10-16,8363,en,https://image.tmdb.org/t/p/original'/ek8e8txUyUwd2BNqj6lFEerJfbq.jpg,65.935,7.247,2007-03-20,170800000,113,Come and get some!,Comedy,,,,,US,,,,Greg Mottola,,
248,Cruella,2021,https://boxd.it/510vHJ,5,,2023-10-18,337404,en,https://image.tmdb.org/t/p/original'/wToO8opxkGwKgSfJ1JK8tGvkG6U.jpg,83.876,8.024,2021-05-26,233503234,134,Hello Cruel World,Comedy,Crime,,,,US,,,,Craig Gillespie,,
249,"To Wong Foo, Thanks for Everything! Julie Newmar",1995,https://boxd.it/52CDxR,3.5,,2023-10-23,9090,en,https://image.tmdb.org/t/p/original'/8bkJiI6N8wDxAtQ49bLUt0qCBII.jpg,23.221,7.297,1995-09-07,47774193,109,Attitude is everything.,Comedy,Drama,,,,US,,,,Beeban Kidron,,
250,The Day After Tomorrow,2004,https://boxd.it/568nzD,2.5,Yes,2023-11-02,435,en,https://image.tmdb.org/t/p/original'/Wr4HeYQRvwVCxzOV5TmGE7UkXq.jpg,46.11,6.529,2004-05-26,552639571,124,Where will you be?,Action,Adventure,Science Fiction,Thriller,,US,,,,Roland Emmerich,,
251,The Day the Earth Stood Still,2008,https://boxd.it/568nXl,1,Yes,2023-11-02,10200,en,https://image.tmdb.org/t/p/original'/mrw9NShY6I2FgXwk8Ge437pn08N.jpg,37.722,5.608,2008-12-10,233093859,104,We thought the Earth was ours. We were wrong.,Drama,Science Fiction,Thriller,,,CA,US,,,Scott Derrickson,,
252,Percy Jackson & the Olympians: The Lightning Thief,2010,https://boxd.it/569cTT,3,Yes,2023-11-02,32657,en,https://image.tmdb.org/t/p/original'/8wmqmvJknPv6WptTRSA9kGUkPV7.jpg,65.289,6.215,2010-02-01,226497209,118,Worlds collide.,Adventure,Fantasy,Family,,,US,GB,CA,,Chris Columbus,,
253,Fire of Love,2022,https://boxd.it/56an2N,4,,2023-11-02,913823,en,https://image.tmdb.org/t/p/original'/9smEX8UP84yb2GisLwyAyQKvCWS.jpg,9.963,7.527,2022-07-06,0,93,The greatest lava-fueled love story ever told.,Documentary,,,,,US,,,,Sara Dosa,,
254,No Hard Feelings,2023,https://boxd.it/56M8jl,2,,2023-11-04,884605,en,https://image.tmdb.org/t/p/original'/4K7gQjD19CDEPd7A9KZwr2D9Nco.jpg,58.504,6.826,2023-06-15,83000000,104,Pretty. Awkward.,Comedy,Romance,,,,US,,,,Gene Stupnitsky,,
255,Kick-Ass,2010,https://boxd.it/5afGPl,,Yes,2023-11-14,23483,en,https://image.tmdb.org/t/p/original'/8citjdBmjddZjlPsAHEyCKwGVvD.jpg,45.452,7.125,2010-03-26,96188903,117,Shut up. Kick-Ass.,Action,Crime,,,,US,,,,Matthew Vaughn,,
256,Kick-Ass 2,2013,https://boxd.it/5ahtXZ,,Yes,2023-11-15,59859,en,https://image.tmdb.org/t/p/original'/1go2A3gdQjaMuHWquybgoJlQRcX.jpg,35.573,6.401,2013-07-17,60700000,103,You Can't Fight Your Destiny.,Action,Adventure,Crime,,,US,GB,,,Jeff Wadlow,,
257,Instant Family,2018,https://boxd.it/5bwKsX,,,2023-11-19,491418,en,https://image.tmdb.org/t/p/original'/xYV1mODz99w7AjKDSQ7h2mzZhVe.jpg,36.71,7.527,2018-11-13,121000000,118,"Just add chaos, laughter, awkwardness, mistakes, love...",Comedy,Drama,,,,US,,,,Sean Anders,,
258,Just Friends,2005,https://boxd.it/5cr4oD,,Yes,2023-11-22,10033,en,https://image.tmdb.org/t/p/original'/jgs2mdFlx8NJzbxXTHeQxvQbN6n.jpg,22.366,6.178,2005-11-23,50817508,96,He loves her. She loves him not.,Comedy,Romance,,,,US,,,,Roger Kumble,,
259,Bo Burnham: Inside,2021,https://boxd.it/5dvSNv,,Yes,2023-11-25,823754,en,https://image.tmdb.org/t/p/original'/ku1UvTWYvhFQbSesOD6zteY7bXT.jpg,16.403,8.059,2021-07-22,0,87,Look Who’s Inside Again,Comedy,Drama,,,,US,,,,Bo Burnham,,
260,Godzilla,2014,https://boxd.it/5gW5YZ,,Yes,2023-12-04,124905,en,https://image.tmdb.org/t/p/original'/zokD6uxR2iWfYM3Y84yGJvnNTK7.jpg,96.698,6.333,2014-05-14,529100000,123,"The world ends, Godzilla begins.",Action,Drama,Science Fiction,,,US,,,,Gareth Edwards,,
261,Kong: Skull Island,2017,https://boxd.it/5h3G6f,,Yes,2023-12-05,293167,en,https://image.tmdb.org/t/p/original'/r2517Vz9EhDhj88qwbDVj8DCRZN.jpg,235.831,6.539,2017-03-08,566652812,118,All hail the king,Action,Adventure,Fantasy,,,US,,,,Jordan Vogt-Roberts,,
262,Godzilla: King of the Monsters,2019,https://boxd.it/5hwyp7,2,Yes,2023-12-07,373571,en,https://image.tmdb.org/t/p/original'/fQ40gmFM4p03tXwMxQQKh2cCBW4.jpg,109.631,6.701,2019-05-29,386600138,132,Long live the king.,Science Fiction,Action,,,,US,,,,Michael Dougherty,,
263,Thank You for Smoking,2005,https://boxd.it/5hFYH5,3,,2023-12-07,9388,en,https://image.tmdb.org/t/p/original'/xIlQYkRjpGBMXDkZoS3IRcckScA.jpg,21.919,7.192,2005-09-09,24793509,92,Nick Naylor doesn't hide the truth...he filters it.,Comedy,Drama,,,,US,,,,Jason Reitman,,
264,Crying Ladies,2003,https://boxd.it/5hS099,,,2023-12-08,133688,tl,https://image.tmdb.org/t/p/original'/lwsGb1wHN56JKQywqTeB9ZeZ53v.jpg,2.22,4.7,2003-12-25,0,110,A heart warming comedy,Comedy,,,,,PH,,,,Mark Meily,,
265,Godzilla vs. Kong,2021,https://boxd.it/5hXlk3,3.5,Yes,2023-12-08,399566,en,https://image.tmdb.org/t/p/original'/pgqgaUx1cJb5oZQQ5v0tNARCeBp.jpg,123.613,7.618,2021-03-24,470116094,114,One will fall.,Action,Science Fiction,Adventure,,,US,,,,Adam Wingard,,
266,(500) Days of Summer,2009,https://boxd.it/5iHAVP,2,,2023-12-10,19913,en,https://image.tmdb.org/t/p/original'/f9mbM0YMLpYemcWx6o2WeiYQLDP.jpg,45.064,7.282,2009-07-17,60781545,95,This is not a love story. This is a story about love.,Comedy,Drama,Romance,,,US,,,,Marc Webb,,
267,Notting Hill,1999,https://boxd.it/5jnDUp,,Yes,2023-12-12,509,en,https://image.tmdb.org/t/p/original'/hHRIf2XHeQMbyRb3HUx19SF5Ujw.jpg,163.922,7.3,1999-05-21,363889678,124,Can the most famous film star in the world fall for the man on the street?,Romance,Comedy,,,,GB,,,,Roger Michell,,
268,Asteroid City,2023,https://boxd.it/5krjE9,4,,2023-12-15,747188,en,https://image.tmdb.org/t/p/original'/qdq40gRS8xKnpFt5V75t6lUHgpx.jpg,52.467,6.483,2023-06-08,47281670,105,,Comedy,Drama,,,,US,,,,Wes Anderson,,
269,Finch,2021,https://boxd.it/5rK6cR,4,,2023-12-30,522402,en,https://image.tmdb.org/t/p/original'/jKuDyqx7jrjiR9cDzB5pxzhJAdv.jpg,37.58,7.895,2021-11-04,0,115,Take an unforgettable journey.,Science Fiction,Drama,Adventure,,,US,,,,Miguel Sapochnik,,
270,Godzilla Minus One,2023,https://boxd.it/5t1IJ3,4,,2024-01-01,940721,ja,https://image.tmdb.org/t/p/original'/hkxxMIGaiCTmrEArK7J56JTKUlB.jpg,1006.167,7.661,2023-11-03,115857413,125,Postwar Japan. From zero to minus.,Science Fiction,Horror,Action,,,JP,,,,Takashi Yamazaki,,
271,GoodFellas,1990,https://boxd.it/5yTaB3,3.5,,2024-01-10,769,en,https://image.tmdb.org/t/p/original'/aKuFiU82s5ISJpGZp7YkIr3kCUd.jpg,255.64,8.465,1990-09-12,46800000,145,Three decades of life in the mafia.,Drama,Crime,,,,US,,,,Martin Scorsese,,
272,Perfect Days,2023,https://boxd.it/5EjxmR,4,,2024-01-21,976893,ja,https://image.tmdb.org/t/p/original'/tvUHVSTJV9ITON3oyHaWp7oaAc8.jpg,95.16,7.836,2023-11-10,24094016,124,,Drama,,,,,JP,,,,Wim Wenders,,
273,Lost in Translation,2003,https://boxd.it/5FgO3P,1,,2024-01-23,153,en,https://image.tmdb.org/t/p/original'/4k4Yz08WGfbu8ITIjaG99XTeco8.jpg,100.501,7.395,2003-09-18,119723856,102,Everyone wants to be found.,Drama,Romance,,,,US,,,,Sofia Coppola,,
274,Crazy Rich Asians,2018,https://boxd.it/5FP8uJ,2.5,,2024-01-24,455207,en,https://image.tmdb.org/t/p/original'/1XxL4LJ5WHdrcYcihEZUCgNCpAW.jpg,171.031,7.066,2018-08-15,238539198,121,The only thing crazier than love is family.,Comedy,Romance,,,,US,,,,Jon M. Chu,,
275,The Best Offer,2013,https://boxd.it/5GhiiJ,3.5,Yes,2024-01-25,152742,it,https://image.tmdb.org/t/p/original'/yfbsINSfotAHaeWKJbfsVKSckvq.jpg,22.783,7.828,2013-01-01,19255873,131,A master of possession. A crime of obsession.,Drama,Romance,Crime,,,IT,,,,Giuseppe Tornatore,,
276,Jojo Rabbit,2019,https://boxd.it/5Ig6nj,5,Yes,2024-01-29,515001,en,https://image.tmdb.org/t/p/original'/7GsM4mtM0worCtIVeiQt28HieeN.jpg,37.506,8.025,2019-10-18,82468705,108,It's definitely not a good time to be a Nazi,Comedy,War,Drama,,,US,NZ,,,Taika Waititi,,
277,Avengers: Endgame,2019,https://boxd.it/5IPjlZ,4.5,Yes,2024-01-29,299534,en,https://image.tmdb.org/t/p/original'/or06FN3Dka5tukK1e9sl16pB3iy.jpg,240.198,8.253,2019-04-24,2800000000,181,Avenge the fallen.,Adventure,Science Fiction,Action,,,US,,,,Anthony Russo,Joe Russo,
278,Murder on the Orient Express,2017,https://boxd.it/5JIfDP,3,Yes,2024-02-01,392044,en,https://image.tmdb.org/t/p/original'/kc2gJjebceoFgOQbukzPzP8SXVZ.jpg,52.65,6.712,2017-11-03,352800000,114,Everyone is a suspect.,Mystery,Drama,Crime,,,US,,,,Kenneth Branagh,,
279,"Planes, Trains and Automobiles",1987,https://boxd.it/5K7NLt,4.5,,2024-02-02,2609,en,https://image.tmdb.org/t/p/original'/3RSucVsX96Ste8WDJfZP1hbNGqQ.jpg,26.537,7.239,1987-11-26,49500000,93,What he really wanted was to spend Thanksgiving with his family. What he got was three days with the turkey.,Comedy,,,,,US,,,,John Hughes,,
280,The Batman,2022,https://boxd.it/5LDoWz,4.5,,2024-02-05,414906,en,https://image.tmdb.org/t/p/original'/74xTEgt7R36Fpooo50r9T25onhq.jpg,445.215,7.677,2022-03-01,771000000,177,Unmask the truth.,Crime,Mystery,Thriller,,,US,,,,Matt Reeves,,
281,The Marvels,2023,https://boxd.it/5N9rMb,3,,2024-02-09,609681,en,https://image.tmdb.org/t/p/original'/9GBhzXMFjgcZ3FdR9w3bUMMTps5.jpg,376.424,6.1,2023-11-08,207089999,105,Higher. Further. Faster. Together.,Science Fiction,Adventure,Action,,,US,,,,Nia DaCosta,,
282,Annihilation,2018,https://boxd.it/5UAgBD,4,Yes,2024-02-25,300668,en,https://image.tmdb.org/t/p/original'/1dRweZy8DxGDhJFqiOA4Ni3I1ie.jpg,46.604,6.411,2018-02-22,43070915,115,Fear what's inside.,Science Fiction,Horror,,,,US,,,,Alex Garland,,
283,Mad Max: Fury Road,2015,https://boxd.it/5UNhsN,5,Yes,2024-02-26,76341,en,https://image.tmdb.org/t/p/original'/hA2ple9q4qnwxp3hKVNhroipsir.jpg,453.216,7.598,2015-05-13,378858340,121,The future belongs to the mad.,Action,Adventure,Science Fiction,,,AU,US,,,George Miller,,
284,Poor Things,2023,https://boxd.it/5VEodV,5,,2024-02-27,792307,en,https://image.tmdb.org/t/p/original'/kCGlIMHnOm8JPXq3rXM6c5wMxcT.jpg,228.813,7.8,2023-12-07,117193959,142,She's like nothing you've ever seen.,Science Fiction,Romance,Comedy,,,US,,,,Yorgos Lanthimos,,
285,Spaceman,2024,https://boxd.it/5XdgzD,3,,2024-03-02,636706,en,https://image.tmdb.org/t/p/original'/f46WvKEsBn98WJbPJcO47ZoKn6B.jpg,60.046,6.811,2024-02-23,0,108,I just want to go home.,Science Fiction,Adventure,Drama,,,US,,,,Johan Renck,,
286,Sunday Beauty Queen,2016,https://boxd.it/5XSDBf,4,,2024-03-03,430792,tl,https://image.tmdb.org/t/p/original'/kwahnbFcdO7LtVnybBoz83TwGIC.jpg,1.214,8.7,2016-12-25,0,95,,Documentary,,,,,PH,,,,Baby Ruth Villarama,,
287,Society of the Snow,2023,https://boxd.it/5XXXtZ,5,,2024-03-03,906126,es,https://image.tmdb.org/t/p/original'/2e853FDVSIso600RqAMunPxiZjq.jpg,84.358,8.067,2023-12-15,1281,144,Based on a remarkable true story.,Drama,History,,,,ES,,,,J. A. Bayona,,
288,Tetris,2023,https://boxd.it/5Yq4Cv,3,,2024-03-04,726759,en,https://image.tmdb.org/t/p/original'/4F2QwCOYHJJjecSvdOjStuVLkpu.jpg,54.562,7.726,2023-03-15,0,118,The game you couldn't put down. The story you couldn't make up.,Thriller,History,Drama,,,GB,,,,Jon S. Baird,,
289,Memento,2000,https://boxd.it/5YWbTR,4.5,,2024-03-05,77,en,https://image.tmdb.org/t/p/original'/nWtySDlffTfwAa0rSfq61o33ZXV.jpg,41.406,8.2,2000-10-11,40000000,113,Some memories are best forgotten.,Mystery,Thriller,,,,US,,,,Christopher Nolan,,
290,Oppenheimer,2023,https://boxd.it/5ZoRUj,4.5,,2024-03-06,872585,en,https://image.tmdb.org/t/p/original'/8Gxv8gSFCU0XGDykEGv7zR1n2ua.jpg,561.115,8.096,2023-07-19,952000000,181,The world forever changes.,Drama,History,,,,US,,,,Christopher Nolan,,
291,Society of the Snow: Who Were We on the Mountain?,2024,https://boxd.it/608jwz,,,2024-03-08,1232289,es,https://image.tmdb.org/t/p/original'/uHTQVdJHbPMvaOdzqlqBXFTctCp.jpg,21.738,7.5,2024-01-23,0,37,,Documentary,,,,,ES,,,,Manuel Romo,,
292,Charlie's Angels,2000,https://boxd.it/60zM73,3,Yes,2024-03-09,4327,en,https://image.tmdb.org/t/p/original'/u5GbILxLgfeNHCnTtTRuhmAC9i4.jpg,39.424,5.828,2000-11-02,264100000,98,Get some action.,Action,Adventure,Comedy,Crime,Thriller,US,,,,McG,,
293,The Banshees of Inisherin,2022,https://boxd.it/60C2jD,4,,2024-03-09,674324,en,https://image.tmdb.org/t/p/original'/4yFG6cSPaCaPhyJ1vtGOtMD1lgh.jpg,39.533,7.458,2022-10-20,49300000,114,Everything was fine yesterday.,Drama,Comedy,,,,GB,US,,,Martin McDonagh,,
294,Leonor Will Never Die,2022,https://boxd.it/615WGh,4,,2024-03-10,913689,tl,https://image.tmdb.org/t/p/original'/1RhMTthNne58E2P0moPWZcJjpkC.jpg,6.437,7.6,2022-11-25,30039,99,,Fantasy,Comedy,Action,Drama,,PH,,,,Martika Ramirez Escobar,,
295,The Highwaymen,2019,https://boxd.it/629sRB,2.5,Yes,2024-03-12,500682,en,https://image.tmdb.org/t/p/original'/4bRYg4l12yDuJvAfqvUOPnBrxno.jpg,27.396,6.749,2019-03-15,0,133,The legends who took down Bonnie & Clyde,Crime,Drama,Thriller,,,US,,,,John Lee Hancock,,
296,Horrible Bosses,2011,https://boxd.it/63tuoF,2,Yes,2024-03-15,51540,en,https://image.tmdb.org/t/p/original'/uQkUwgyFHAm0jGQERPG6Z9o9Zbj.jpg,44.501,6.6,2011-07-08,209838559,98,Ever wish your boss was dead?,Comedy,Crime,,,,US,,,,Seth Gordon,,
297,Superhero Movie,2008,https://boxd.it/67zUXf,2,Yes,2024-03-24,11918,en,https://image.tmdb.org/t/p/original'/4MtvQdh5VP7jMSydhggp1P80FMj.jpg,31.328,5.243,2008-03-28,25871834,75,The greatest Superhero movie of all time! (not counting all the others),Comedy,Action,Science Fiction,,,US,,,,Craig Mazin,,
298,Imaginary,2024,https://boxd.it/68gewx,1.5,,2024-03-24,1125311,en,https://image.tmdb.org/t/p/original'/9u6HEtZJdZDjPGGJq6YEuhPnoan.jpg,147.912,6.226,2024-03-06,39010693,104,Meet Chauncey. He's not imaginary. And he's not your friend.,Horror,Mystery,Thriller,,,US,,,,Jeff Wadlow,,
299,Tower Heist,2011,https://boxd.it/68j2x5,2,Yes,2024-03-25,59108,en,https://image.tmdb.org/t/p/original'/1HcOyMODYZXnncMikfhYkw3x2ss.jpg,34.242,6.095,2011-11-02,152930623,104,It's not just a robbery. It's payback.,Action,Comedy,,,,US,,,,Brett Ratner,,
300,Fun with Dick and Jane,2005,https://boxd.it/68FQit,2,,2024-03-26,7552,en,https://image.tmdb.org/t/p/original'/1NBVGBi8Z6MhJBAJ5SuRMqP7o3T.jpg,25.216,6.203,2005-12-21,202026112,90,Giving big businesses a run for their money!,Comedy,Crime,Drama,Romance,,US,,,,Dean Parisot,,
301,Imaginary,2024,https://boxd.it/68FRkb,1.5,Yes,2024-03-26,1125311,en,https://image.tmdb.org/t/p/original'/9u6HEtZJdZDjPGGJq6YEuhPnoan.jpg,147.912,6.226,2024-03-06,39010693,104,Meet Chauncey. He's not imaginary. And he's not your friend.,Horror,Mystery,Thriller,,,US,,,,Jeff Wadlow,,
302,BlacKkKlansman,2018,https://boxd.it/68I8UT,3.5,,2024-03-26,487558,en,https://image.tmdb.org/t/p/original'/8jxqAvSDoneSKRczaK8v9X5gqBp.jpg,31.791,7.513,2018-08-09,93411426,136,Infiltrate hate.,Comedy,Crime,Drama,History,,US,,,,Spike Lee,,
303,Se7en,1995,https://boxd.it/69Yhe9,4,Yes,2024-03-29,807,en,https://image.tmdb.org/t/p/original'/6yoghtyTpznpBik8EngEmJskVUO.jpg,337.057,8.373,1995-09-22,327311859,127,Seven deadly sins. Seven ways to die.,Crime,Mystery,Thriller,,,US,,,,David Fincher,,
304,Horrible Bosses 2,2014,https://boxd.it/69Yi0x,2,,2024-03-29,227159,en,https://image.tmdb.org/t/p/original'/boBOkwIqgrs8noxBUSDkkicKa4K.jpg,47.449,6.181,2014-11-12,107645357,108,New crime. Same tools.,Comedy,,,,,US,,,,Sean Anders,,
305,The Lost City,2022,https://boxd.it/69YjUr,2,,2024-03-29,752623,en,https://image.tmdb.org/t/p/original'/neMZH82Stu91d3iqvLdNQfqPPyl.jpg,51.817,6.526,2022-03-24,192907684,112,The adventure is real. The heroes are not.,Action,Adventure,Comedy,,,US,,,,Aaron Nee,Adam Nee,
306,Jurassic Park,1993,https://boxd.it/6aV1k9,4,,2024-03-31,329,en,https://image.tmdb.org/t/p/original'/b1xCNnyrPebIc7EWNZIa6jhb1Ww.jpg,37.228,7.946,1993-06-11,920100000,127,An adventure 65 million years in the making.,Adventure,Science Fiction,,,,US,,,,Steven Spielberg,,
307,Bride Wars,2009,https://boxd.it/6c4tjF,2,Yes,2024-04-02,10521,en,https://image.tmdb.org/t/p/original'/eyXT8tmUoyHrg7YX1UVjmecHCWP.jpg,26.875,6.238,2009-01-09,115375850,89,Even best friends can't share the same wedding day.,Comedy,Romance,,,,US,,,,Gary Winick,,
308,One Day,2011,https://boxd.it/6bZ8kx,3.5,,2024-04-02,51828,en,https://image.tmdb.org/t/p/original'/n9jMwSg4IavdD8wqdYnyW5w3Mvp.jpg,45.556,7.4,2011-03-02,59400000,107,Twenty years. Two people.,Drama,Romance,,,,US,GB,,,Lone Scherfig,,
309,Blade Runner,1982,https://boxd.it/6bW9CB,3,,2024-04-02,78,en,https://image.tmdb.org/t/p/original'/63N9uy8nd9j7Eog2axPQ8lbr3Wj.jpg,69.178,7.936,1982-06-25,41722424,118,Man has made his match...now it's his problem.,Science Fiction,Drama,Thriller,,,US,,,,Ridley Scott,,
310,Godzilla x Kong: The New Empire,2024,https://boxd.it/6dd8pp,2,,2024-04-03,823464,en,https://image.tmdb.org/t/p/original/z1p34vh7dEOnLDmyCrlUVLuoDzd.jpg,2706.072,7.243,2024-03-27,558503759,115,Rise together or fall alone.,Science Fiction,Action,Adventure,,,US,,,,Adam Wingard,,
311,Marriage Story,2019,https://boxd.it/6cY8T5,5,,2024-04-04,492188,en,https://image.tmdb.org/t/p/original'/91osxUqsq1JC0zJzB1CpAavlWu7.jpg,32.178,7.745,2019-09-28,2300000,137,"Where there's a love, there's a way.",Drama,,,,,US,GB,,,Noah Baumbach,,
312,Bee Movie,2007,https://boxd.it/6dgpP1,,Yes,2024-04-05,5559,en,https://image.tmdb.org/t/p/original'/1xlHV0AMoXQAOPAZXLQgq39tRCJ.jpg,46.362,6.026,2007-10-28,287594577,91,Honey just got funny.,Family,Animation,Adventure,Comedy,,US,,,,Steve Hickner,Simon J. Smith,
313,Shutter,2008,https://boxd.it/6eraRd,1,Yes,2024-04-06,10885,en,https://image.tmdb.org/t/p/original'/bft6OyITsxSZuTxu2oJipApLran.jpg,22.77,5.544,2008-03-21,0,85,The most terrifying images are the ones that are real.,Horror,Mystery,Thriller,,,US,,,,Masayuki Ochiai,,
314,Birds of Prey (and the Fantabulous Emancipation of One Harley Quinn),2020,https://boxd.it/6erbOz,3,Yes,2024-04-06,495764,en,https://image.tmdb.org/t/p/original'/h4VB6m0RwcicVEZvzftYZyKXs6K.jpg,62.967,6.928,2020-02-05,205537933,109,Mind Over Mayhem,Action,Crime,,,,US,,,,Cathy Yan,,
315,The Social Network,2010,https://boxd.it/6exKcd,3.5,Yes,2024-04-08,37799,en,https://image.tmdb.org/t/p/original'/n0ybibhJtQ5icDqTp8eRytcIHJx.jpg,50.5,7.365,2010-10-01,224920315,121,You don't get to 500 million friends without making a few enemies.,Drama,,,,,US,,,,David Fincher,,
316,Beverly Hills Cop,1984,https://boxd.it/6fykvT,3.5,,2024-04-10,90,en,https://image.tmdb.org/t/p/original'/eBJEvKkhQ0tUt1dBAcTEYW6kCle.jpg,48.656,7.188,1984-12-05,316360478,105,The heat is on!,Action,Comedy,Crime,,,US,,,,Martin Brest,,
317,Downsizing,2017,https://boxd.it/6fTLT1,2.5,Yes,2024-04-11,301337,en,https://image.tmdb.org/t/p/original'/5bNzInSSAXfr0MFlHfb4IoQePVx.jpg,279.498,5.35,2017-12-22,55003890,135,We are meant for something bigger.,Drama,Science Fiction,,,,US,,,,Alexander Payne,,
318,Beverly Hills Cop II,1987,https://boxd.it/6gFlzl,3,,2024-04-13,96,en,https://image.tmdb.org/t/p/original'/egDakU8O5yUwpUJP9IMAUVtIDll.jpg,42.01,6.481,1987-05-18,299965036,103,Axel Foley is back. Back where he doesn't belong.,Action,Comedy,Crime,,,US,,,,Tony Scott,,
319,Liar Liar,1997,https://boxd.it/6iDGdp,2.5,Yes,2024-04-18,1624,en,https://image.tmdb.org/t/p/original'/p1habYSdC7oD3WygQ5lynU5G5rV.jpg,40.85,6.684,1997-03-21,302710615,86,Trust me.,Comedy,,,,,US,,,,Tom Shadyac,,
320,Dune,2021,https://boxd.it/6iXLV7,4,Yes,2024-04-19,438631,en,https://image.tmdb.org/t/p/original'/d5NXSklXo0qyIYkgV94XAgMIckC.jpg,486.363,7.781,2021-09-15,407573628,155,It begins.,Science Fiction,Adventure,,,,US,,,,Denis Villeneuve,,
321,Dune: Part Two,2024,https://boxd.it/6iXMzB,4.5,,2024-04-19,693134,en,https://image.tmdb.org/t/p/original'/czembW0Rk1Ke7lCJGahbOhdCuhV.jpg,836.038,8.168,2024-02-27,704300257,167,Long live the fighters.,Science Fiction,Adventure,,,,US,,,,Denis Villeneuve,,
322,Galaxy Quest,1999,https://boxd.it/6kDYMZ,4,,2024-04-23,926,en,https://image.tmdb.org/t/p/original'/fZXSwgZknp81vmciTb86rw0MejV.jpg,152.321,7.06,1999-12-25,90683916,101,A comedy of Galactic Proportions.,Comedy,Science Fiction,Adventure,,,US,,,,Dean Parisot,,
323,Misery,1990,https://boxd.it/6lmxKR,4.5,,2024-04-25,1700,en,https://image.tmdb.org/t/p/original'/23Y65uWaVMpqfbZTN3CT0aei4D5.jpg,353.063,7.756,1990-11-30,61300000,107,"Paul Sheldon used to write for a living. Now, he’s writing to stay alive.",Drama,Thriller,,,,US,,,,Rob Reiner,,
324,Ricky Stanicky,2024,https://boxd.it/6m7Xpf,2,,2024-04-27,1022690,en,https://image.tmdb.org/t/p/original'/cEuX73Q1wpMypB1cr4l3MoMGpL4.jpg,98.504,6.551,2024-02-21,0,113,He's the best friend they never had.,Comedy,,,,,US,,,,Peter Farrelly,,
325,Hot Fuzz,2007,https://boxd.it/6m6EV5,4,Yes,2024-04-27,4638,en,https://image.tmdb.org/t/p/original'/zPib4ukTSdXvHP9pxGkFCe34f3y.jpg,40.364,7.554,2007-02-14,80600000,121,Big cops. Small town. Moderate violence.,Crime,Action,Comedy,,,GB,,,,Edgar Wright,,
326,Jurassic World Dominion,2022,https://boxd.it/6nPTQD,2,,2024-05-01,507086,en,https://image.tmdb.org/t/p/original'/kAVRgw7GgK1CfYEJq8ME6EvRIgU.jpg,159.134,6.714,2022-06-01,1001978080,147,The epic conclusion of the Jurassic era.,Adventure,Action,Science Fiction,,,US,,,,Colin Trevorrow,,